trade_date,contract,open_price,close_price,change_price,change_percent,volume,settlement_price,open_interest,expiry_date
2017/5/15,SPF,2387.25,2388.25,0.25,0.01%,138,2388.25,8,201709
2017/5/16,SPF,2396.25,2395,6.75,0.28%,12,2395,22,201709
2017/5/17,SPF,2380.75,2380.75,-14.25,-0.59%,1,2380.75,24,201709
2017/5/18,SPF,2359.75,2359.25,-21.5,-0.90%,33,2359.25,53,201709
2017/5/19,SPF,2357,2359.5,0.25,0.01%,4,2361.25,54,201709
2017/5/22,SPF,2379.25,2380,18.75,0.79%,2,2380,55,201709
2017/5/23,SPF,2386.75,2386.75,6.75,0.28%,3,2386.75,58,201709
2017/5/24,SPF,-,-,-,-,0,2393.25,86,201709
2017/5/25,SPF,2400,2405.25,12,0.50%,57,2408.25,103,201709
2017/5/26,SPF,-,-,-,-,0,2409.75,103,201709
2017/5/31,SPF,2408.75,2408.75,-1,-0.04%,1,2408.75,103,201709
2017/6/1,SPF,2410.5,2410.5,1.75,0.07%,12,2410.5,96,201709
2017/6/2,SPF,2429,2432.25,21.75,0.90%,8,2432.25,104,201709
2017/6/3,SPF,2433,2433.75,1.5,0.06%,4,2433.75,94,201709
2017/6/5,SPF,2432.5,2432.75,-1,-0.04%,2,2432.75,94,201709
2017/6/6,SPF,2430.25,2429.75,-3,-0.12%,24,2429.75,72,201709
2017/6/7,SPF,2428.25,2430.25,0.5,0.02%,9,2430.25,80,201709
2017/6/8,SPF,2430.5,2431.25,1,0.04%,16,2431.25,79,201709
2017/6/9,SPF,2428,2431.5,0.25,0.01%,71,2431.5,98,201709
2017/6/12,SPF,2426.75,2424.75,-6.75,-0.28%,41,2424.75,92,201709
2017/6/13,SPF,2429.25,2429.5,4.75,0.20%,15,2429.5,106,201709
2017/6/14,SPF,2436.75,2435.5,6,0.25%,33,2435.5,122,201709
2017/6/15,SPF,2431.75,2430,-5.5,-0.23%,35,2430,148,201709
2017/6/16,SPF,2433.25,2435,5,0.21%,233,2435,356,201709
2017/6/19,SPF,2434,2436.25,1.25,0.05%,26,2436.25,456,201709
2017/6/19,SPF,-,-,-,-,0,2431.25,0,201809
2017/6/20,SPF,2449.75,2449,12.75,0.52%,23,2449,467,201709
2017/6/20,SPF,-,-,-,-,0,2444,0,201809
2017/6/21,SPF,2433,2435,-14,-0.57%,67,2435,507,201709
2017/6/21,SPF,-,-,-,-,0,2430,0,201809
2017/6/22,SPF,2431.25,2433.25,-1.75,-0.07%,41,2433.25,524,201709
2017/6/22,SPF,-,-,-,-,0,2428.25,0,201809
2017/6/23,SPF,2433.75,2434.25,1,0.04%,9,2434.25,521,201709
2017/6/23,SPF,-,-,-,-,0,2429.25,0,201809
2017/6/26,SPF,2434,2436,1.75,0.07%,20,2436,515,201709
2017/6/26,SPF,-,-,-,-,0,2431,0,201809
2017/6/27,SPF,2434.75,2435.25,-0.75,-0.03%,9,2435.25,509,201709
2017/6/27,SPF,-,-,-,-,0,2430.25,0,201809
2017/6/28,SPF,2419,2417.75,-17.5,-0.72%,79,2417.75,526,201709
2017/6/28,SPF,-,-,-,-,0,2412.75,0,201809
2017/6/29,SPF,2441,2442.75,25,1.03%,41,2442.75,559,201709
2017/6/29,SPF,-,-,-,-,0,2437.75,1,201809
2017/6/30,SPF,2418.5,2420.25,-22.5,-0.92%,24,2420.25,519,201709
2017/6/30,SPF,-,-,-,-,0,2415.25,1,201809
2017/7/3,SPF,2424.25,2426,5.75,0.24%,7,2426,512,201709
2017/7/3,SPF,-,-,-,-,0,2421,1,201809
2017/7/4,SPF,2426,2423.5,-2.5,-0.10%,20,2423.5,522,201709
2017/7/4,SPF,-,-,-,-,0,2418.5,1,201809
2017/7/5,SPF,2425.25,2426,2.5,0.10%,17,2426,531,201709
2017/7/5,SPF,-,-,-,-,0,2421,1,201809
2017/7/6,SPF,2428,2426.5,0.5,0.02%,8,2426.5,539,201709
2017/7/6,SPF,-,-,-,-,0,2421.5,1,201809
2017/7/7,SPF,2410.5,2409.25,-17.25,-0.71%,33,2409.25,517,201709
2017/7/7,SPF,-,-,-,-,0,2404.25,1,201809
2017/7/10,SPF,2425.75,2427.5,18.25,0.76%,34,2427.5,539,201709
2017/7/10,SPF,-,-,-,-,0,2422.5,1,201809
2017/7/11,SPF,2425,2426.75,-0.75,-0.03%,25,2426.75,523,201709
2017/7/11,SPF,-,-,-,-,0,2421.75,1,201809
2017/7/12,SPF,2424.25,2423,-3.75,-0.15%,17,2423,524,201709
2017/7/12,SPF,-,-,-,-,0,2418,1,201809
2017/7/13,SPF,2442,2443,20,0.83%,28,2443,430,201709
2017/7/13,SPF,-,-,-,-,0,2438,1,201809
2017/7/14,SPF,2445.75,2445,2,0.08%,24,2445,412,201709
2017/7/14,SPF,-,-,-,-,0,2440,1,201809
2017/7/17,SPF,2458,2457.25,12.25,0.50%,42,2457.25,400,201709
2017/7/17,SPF,-,-,-,-,0,2452.25,1,201809
2017/7/18,SPF,2457.75,2456.5,-0.75,-0.03%,45,2456.5,390,201709
2017/7/18,SPF,-,-,-,-,0,2451.5,2,201809
2017/7/19,SPF,2459,2460,3.5,0.14%,31,2460,381,201709
2017/7/19,SPF,2449.75,2449.75,-1.75,-0.07%,1,2449.75,1,201809
2017/7/20,SPF,2470.75,2470.75,10.75,0.44%,19,2470.75,598,201709
2017/7/20,SPF,-,-,-,-,0,2460.5,1,201809
2017/7/21,SPF,2471,2471,0.25,0.01%,44,2471,425,201709
2017/7/21,SPF,-,-,-,-,0,2460.75,2,201809
2017/7/24,SPF,2466.25,2465.5,-5.5,-0.22%,22,2465.5,416,201709
2017/7/24,SPF,-,-,-,-,0,2455.25,2,201809
2017/7/25,SPF,2468,2468,2.5,0.10%,13,2468,420,201709
2017/7/25,SPF,-,-,-,-,0,2457.75,2,201809
2017/7/26,SPF,2474.25,2473.5,5.5,0.22%,34,2473.5,432,201709
2017/7/26,SPF,-,-,-,-,0,2463.25,2,201809
2017/7/27,SPF,2477.75,2478.25,4.75,0.19%,39,2478.25,435,201709
2017/7/27,SPF,-,-,-,-,0,2468,2,201809
2017/7/28,SPF,2466.25,2464.5,-13.75,-0.55%,38,2464.5,427,201709
2017/7/28,SPF,-,-,-,-,0,2454.25,2,201809
2017/7/31,SPF,2466.75,2468,3.5,0.14%,11,2468,412,201709
2017/7/31,SPF,-,-,-,-,0,2457.75,2,201809
2017/8/1,SPF,2473,2473.5,5.5,0.22%,14,2473.5,397,201709
2017/8/1,SPF,-,-,-,-,0,2463.25,2,201809
2017/8/2,SPF,2472,2475.5,2,0.08%,8,2475.5,383,201709
2017/8/2,SPF,2472.25,2472.25,9,0.37%,1,2472.25,1,201809
2017/8/3,SPF,2472.25,2471.5,-4,-0.16%,19,2471.5,384,201709
2017/8/3,SPF,-,-,-,-,0,2468.25,1,201809
2017/8/4,SPF,2470.5,2471.25,-0.25,-0.01%,11,2471.25,377,201709
2017/8/4,SPF,-,-,-,-,0,2468,1,201809
2017/8/7,SPF,2476.5,2477,5.75,0.23%,6,2477,379,201709
2017/8/7,SPF,-,-,-,-,0,2473.75,1,201809
2017/8/8,SPF,2476,2474.75,-2.25,-0.09%,5,2474.75,390,201709
2017/8/8,SPF,-,-,-,-,0,2471.5,1,201809
2017/8/9,SPF,2473,2466,-8.75,-0.35%,24,2466,394,201709
2017/8/9,SPF,-,-,-,-,0,2462.75,1,201809
2017/8/10,SPF,2472,2467.25,1.25,0.05%,50,2467.25,390,201709
2017/8/10,SPF,-,-,-,-,0,2464,1,201809
2017/8/11,SPF,2436,2435.25,-32,-1.30%,94,2435.25,332,201709
2017/8/11,SPF,-,-,-,-,0,2432,1,201809
2017/8/14,SPF,2448.75,2448,12.75,0.52%,29,2448,334,201709
2017/8/14,SPF,-,-,-,-,0,2444.75,1,201809
2017/8/15,SPF,2470.75,2468.75,20.75,0.85%,66,2468.75,359,201709
2017/8/15,SPF,-,-,-,-,0,2465.5,1,201809
2017/8/16,SPF,2462.75,2462.75,-6,-0.24%,7,2462.75,356,201709
2017/8/16,SPF,-,-,-,-,0,2459.5,1,201809
2017/8/17,SPF,2463.5,2465.25,2.5,0.10%,50,2465.25,357,201709
2017/8/17,SPF,-,-,-,-,0,2462,1,201809
2017/8/18,SPF,2430,2433.5,-31.75,-1.29%,60,2433.5,303,201709
2017/8/18,SPF,-,-,-,-,0,2430.25,1,201809
2017/8/21,SPF,2426,2425,-8.5,-0.35%,45,2425,252,201709
2017/8/21,SPF,-,-,-,-,0,2421.75,1,201809
2017/8/22,SPF,2432,2433.5,8.5,0.35%,43,2433.5,308,201709
2017/8/22,SPF,-,-,-,-,0,2430.25,1,201809
2017/8/23,SPF,2450.5,2448,14.5,0.60%,68,2448,292,201709
2017/8/23,SPF,-,-,-,-,0,2444.75,1,201809
2017/8/24,SPF,2440,2439.5,-8.5,-0.35%,97,2439.5,307,201709
2017/8/24,SPF,-,-,-,-,0,2436.25,1,201809
2017/8/25,SPF,2440,2443,3.5,0.14%,21,2443,262,201709
2017/8/25,SPF,-,-,-,-,0,2439.75,1,201809
2017/8/28,SPF,2439.25,2439,-4,-0.16%,14,2439,246,201709
2017/8/28,SPF,-,-,-,-,0,2435.75,1,201809
2017/8/29,SPF,2430,2430.5,-8.5,-0.35%,30,2430.5,243,201709
2017/8/29,SPF,-,-,-,-,0,2427.25,1,201809
2017/8/30,SPF,2447.75,2449,18.5,0.76%,9,2449,222,201709
2017/8/30,SPF,-,-,-,-,0,2445.75,1,201809
2017/8/31,SPF,2459,2457,8,0.33%,9,2457,233,201709
2017/8/31,SPF,-,-,-,-,0,2453.75,1,201809
2017/9/1,SPF,2471.25,2470.5,13.5,0.55%,33,2470.5,283,201709
2017/9/1,SPF,-,-,-,-,0,2467.25,1,201809
2017/9/4,SPF,2466.25,2466,-4.5,-0.18%,38,2466,295,201709
2017/9/4,SPF,-,-,-,-,0,2462.75,1,201809
2017/9/5,SPF,2468,2469.25,3.25,0.13%,13,2469.25,294,201709
2017/9/5,SPF,-,-,-,-,0,2466,1,201809
2017/9/6,SPF,2458.25,2458.5,-10.75,-0.44%,12,2458.5,275,201709
2017/9/6,SPF,-,-,-,-,0,2455.25,1,201809
2017/9/7,SPF,2464.25,2460.25,1.75,0.07%,6,2460.25,258,201709
2017/9/7,SPF,-,-,-,-,0,2457,1,201809
2017/9/8,SPF,2462.5,2461.75,1.5,0.06%,7,2461.75,252,201709
2017/9/8,SPF,-,-,-,-,0,2458.5,1,201809
2017/9/11,SPF,2471.5,2473.5,11.75,0.48%,13,2473.5,255,201709
2017/9/11,SPF,-,-,-,-,0,2470.25,1,201809
2017/9/12,SPF,2488.5,2487.5,14,0.57%,6,2487.5,272,201709
2017/9/12,SPF,-,-,-,-,0,2484.25,1,201809
2017/9/13,SPF,2495.25,2495.25,7.75,0.31%,31,2493.75,249,201709
2017/9/13,SPF,-,-,-,-,0,2490.5,1,201809
2017/9/14,SPF,2494.75,2494,0.25,0.01%,50,2494,242,201709
2017/9/14,SPF,-,-,-,-,0,2490.75,1,201809
2017/9/15,SPF,2492.25,2495,1,0.04%,25,2495,228,201709
2017/9/15,SPF,-,-,-,-,0,2491.75,1,201809
2017/9/18,SPF,-,-,-,-,0,2502.5,1,201809
2017/9/19,SPF,-,-,-,-,0,2502.25,1,201809
2017/9/20,SPF,-,-,-,-,0,2502.5,1,201809
2017/9/21,SPF,-,-,-,-,0,2502.5,1,201809
2017/9/22,SPF,-,-,-,-,0,2493.5,1,201809
2017/9/25,SPF,-,-,-,-,0,2496.25,1,201809
2017/9/26,SPF,-,-,-,-,0,2493.5,1,201809
2017/9/27,SPF,-,-,-,-,0,2496.25,1,201809
2017/9/28,SPF,-,-,-,-,0,2503.75,1,201809
2017/9/29,SPF,-,-,-,-,0,2506.5,1,201809
2017/9/30,SPF,-,-,-,-,0,2518,1,201809
2017/10/2,SPF,-,-,-,-,0,2517.75,1,201809
2017/10/3,SPF,-,-,-,-,0,2527.75,1,201809
2017/10/5,SPF,-,-,-,-,0,2535.25,1,201809
2017/10/6,SPF,-,-,-,-,0,2549,1,201809
2017/10/11,SPF,-,-,-,-,0,2547.75,1,201809
2017/10/12,SPF,-,-,-,-,0,2550.75,1,201809
2017/10/13,SPF,-,-,-,-,0,2549,1,201809
2017/10/16,SPF,-,-,-,-,0,2554.5,1,201809
2017/10/17,SPF,-,-,-,-,0,2554,1,201809
2017/10/18,SPF,-,-,-,-,0,2557,1,201809
2017/10/19,SPF,-,-,-,-,0,2558,1,201809
2017/10/20,SPF,-,-,-,-,0,2566.25,1,201809
2017/10/23,SPF,-,-,-,-,0,2573,1,201809
2017/10/24,SPF,-,-,-,-,0,2565,1,201809
2017/10/25,SPF,-,-,-,-,0,2560.75,1,201809
2017/10/26,SPF,-,-,-,-,0,2556.25,1,201809
2017/10/27,SPF,-,-,-,-,0,2562.25,1,201809
2017/10/30,SPF,-,-,-,-,0,2572,1,201809
2017/10/31,SPF,-,-,-,-,0,2569,1,201809
2017/11/1,SPF,-,-,-,-,0,2575.5,1,201809
2017/11/2,SPF,-,-,-,-,0,2568.5,1,201809
2017/11/3,SPF,-,-,-,-,0,2577,1,201809
2017/11/6,SPF,-,-,-,-,0,2577.75,1,201809
2017/11/7,SPF,-,-,-,-,0,2590,1,201809
2017/11/8,SPF,-,-,-,-,0,2583,1,201809
2017/11/9,SPF,-,-,-,-,0,2585,1,201809
2017/11/10,SPF,-,-,-,-,0,2583.25,1,201809
2017/11/13,SPF,-,-,-,-,0,2580.5,1,201809
2017/11/14,SPF,-,-,-,-,0,2578.5,1,201809
2017/11/15,SPF,-,-,-,-,0,2571,1,201809
2017/11/16,SPF,-,-,-,-,0,2569.5,1,201809
2017/11/17,SPF,-,-,-,-,0,2581.75,1,201809
2017/11/20,SPF,-,-,-,-,0,2570.75,1,201809
2017/11/21,SPF,-,-,-,-,0,2581.75,1,201809
2017/11/22,SPF,-,-,-,-,0,2595.75,1,201809
2017/11/23,SPF,-,-,-,-,0,2594,1,201809
2017/11/24,SPF,-,-,-,-,0,2596.75,1,201809
2017/11/27,SPF,-,-,-,-,0,2597.25,1,201809
2017/11/28,SPF,-,-,-,-,0,2598.25,1,201809
2017/11/29,SPF,-,-,-,-,0,2623.5,1,201809
2017/11/30,SPF,-,-,-,-,0,2624,1,201809
2017/12/1,SPF,-,-,-,-,0,2641.5,1,201809
2017/12/4,SPF,-,-,-,-,0,2657.25,1,201809
2017/12/5,SPF,-,-,-,-,0,2642.25,1,201809
2017/12/6,SPF,-,-,-,-,0,2622.5,1,201809
2017/12/7,SPF,-,-,-,-,0,2634,1,201809
2017/12/8,SPF,-,-,-,-,0,2641.75,1,201809
2017/12/11,SPF,-,-,-,-,0,2651.75,1,201809
2017/12/12,SPF,-,-,-,-,0,2661.5,1,201809
2017/12/13,SPF,-,-,-,-,0,2660.25,1,201809
2017/12/14,SPF,-,-,-,-,0,2665.5,1,201809
2017/12/15,SPF,-,-,-,-,0,2657,1,201809
2017/12/18,SPF,-,-,-,-,0,2685.25,1,201809
2017/12/19,SPF,-,-,-,-,0,2693,1,201809
2017/12/20,SPF,-,-,-,-,0,2687.25,1,201809
2017/12/21,SPF,-,-,-,-,0,2680.25,1,201809
2017/12/22,SPF,-,-,-,-,0,2688,1,201809
2017/12/25,SPF,-,-,-,-,0,2686.75,1,201809
2017/12/26,SPF,-,-,-,-,0,2683.25,1,201809
2017/12/27,SPF,-,-,-,-,0,2685.75,1,201809
2017/12/28,SPF,-,-,-,-,0,2684.25,1,201809
2017/12/29,SPF,-,-,-,-,0,2685.75,1,201809
2018/1/2,SPF,-,-,-,-,0,2677.25,1,201809
2018/1/3,SPF,-,-,-,-,0,2694.25,1,201809
2018/1/4,SPF,-,-,-,-,0,2711,1,201809
2018/1/5,SPF,-,-,-,-,0,2723.25,1,201809
2018/1/8,SPF,-,-,-,-,0,2742.75,1,201809
2018/1/9,SPF,-,-,-,-,0,2741.75,1,201809
2018/1/10,SPF,-,-,-,-,0,2746.75,1,201809
2018/1/11,SPF,-,-,-,-,0,2750.75,1,201809
2018/1/12,SPF,-,-,-,-,0,2766.25,1,201809
2018/1/15,SPF,-,-,-,-,0,2792.25,1,201809
2018/1/16,SPF,-,-,-,-,0,2794.5,1,201809
2018/1/17,SPF,-,-,-,-,0,2780.25,1,201809
2018/1/18,SPF,-,-,-,-,0,2799.5,1,201809
2018/1/19,SPF,-,-,-,-,0,2791.75,1,201809
2018/1/22,SPF,-,-,-,-,0,2805.5,1,201809
2018/1/23,SPF,2855,2855,49.5,1.76%,1,2855,1,201809
2018/1/24,SPF,-,-,-,-,0,2855.25,1,201809
2018/1/25,SPF,-,-,-,-,0,2855,1,201809
2018/1/26,SPF,-,-,-,-,0,2860.5,2,201809
2018/1/29,SPF,-,-,-,-,0,2888.75,2,201809
2018/1/30,SPF,-,-,-,-,0,2853.5,2,201809
2018/1/31,SPF,-,-,-,-,0,2842.75,2,201809
2018/2/1,SPF,-,-,-,-,0,2851,2,201809
2018/2/2,SPF,-,-,-,-,0,2834.75,2,201809
2018/2/5,SPF,-,-,-,-,0,2767.25,2,201809
2018/2/6,SPF,-,-,-,-,0,2605.75,2,201809
2018/2/7,SPF,-,-,-,-,0,2689.5,2,201809
2018/2/8,SPF,-,-,-,-,0,2683.75,2,201809
2018/2/9,SPF,-,-,-,-,0,2615,2,201809
2018/2/12,SPF,-,-,-,-,0,2651.75,2,201809
2018/2/21,SPF,-,-,-,-,0,2727.25,2,201809
2018/2/22,SPF,-,-,-,-,0,2705.25,2,201809
2018/2/23,SPF,-,-,-,-,0,2735.5,2,201809
2018/2/26,SPF,-,-,-,-,0,2765.75,2,201809
2018/2/27,SPF,-,-,-,-,0,2794.75,2,201809
2018/3/1,SPF,-,-,-,-,0,2720.75,2,201809
2018/3/2,SPF,-,-,-,-,0,2691.75,2,201809
2018/3/5,SPF,-,-,-,-,0,2688.5,2,201809
2018/3/6,SPF,-,-,-,-,0,2735.25,2,201809
2018/3/7,SPF,-,-,-,-,0,2704,2,201809
2018/3/8,SPF,-,-,-,-,0,2739.75,2,201809
2018/3/9,SPF,-,-,-,-,0,2752.25,2,201809
2018/3/12,SPF,-,-,-,-,0,2809.5,2,201809
2018/3/13,SPF,-,-,-,-,0,2801.25,2,201809
2018/3/14,SPF,-,-,-,-,0,2779.75,2,201809
2018/3/15,SPF,-,-,-,-,0,2768.25,2,201809
2018/3/16,SPF,-,-,-,-,0,2765.75,2,201809
2018/3/19,SPF,2755.75,2756.5,-9.25,-0.33%,4,2756.5,6,201809
2018/3/20,SPF,2729,2727,-29.5,-1.07%,12,2727,15,201809
2018/3/21,SPF,2731.5,2731.5,4.5,0.17%,1,2731.5,17,201809
2018/3/22,SPF,-,-,-,-,0,2729.5,16,201809
2018/3/23,SPF,2630.25,2630,-99.5,-3.65%,69,2630,53,201809
2018/3/26,SPF,2614.25,2622.25,-7.75,-0.29%,43,2622.25,103,201809
2018/3/27,SPF,2675.5,2675.25,53,2.02%,16,2675.25,93,201809
2018/3/28,SPF,2621.5,2622.25,-53,-1.98%,75,2609.5,43,201809
2018/3/29,SPF,2610.25,2611.25,1.75,0.07%,2,2611.25,46,201809
2018/3/30,SPF,-,-,-,-,0,2643.75,57,201809
2018/3/31,SPF,-,-,-,-,0,2649,57,201809
2018/4/2,SPF,2641.75,2640,-9,-0.34%,18,2640,62,201809
2018/4/3,SPF,2591.5,2588.25,-51.75,-1.96%,16,2588.25,79,201809
2018/4/9,SPF,2621.75,2626.5,38.25,1.48%,80,2626.5,63,201809
2018/4/10,SPF,2622.5,2651.25,24.75,0.94%,400,2651.25,35,201809
2018/4/11,SPF,2647,2647,-4.25,-0.16%,11,2647,50,201809
2018/4/12,SPF,-,-,-,-,0,2651,86,201809
2018/4/13,SPF,2661,2660.75,9.75,0.37%,26,2664.75,109,201809
2018/4/16,SPF,2674,2673,8.25,0.31%,23,2673,100,201809
2018/4/17,SPF,2695.75,2696.5,23.5,0.88%,37,2696.5,147,201809
2018/4/18,SPF,2715,2715,18.5,0.69%,1,2717.75,152,201809
2018/4/19,SPF,-,-,-,-,0,2715.5,143,201809
2018/4/20,SPF,2700.5,2700.5,-15,-0.55%,2,2700.5,154,201809
2018/4/23,SPF,2681.75,2681,-19.5,-0.72%,2,2684.25,128,201809
2018/4/24,SPF,2682.25,2682,-2.25,-0.08%,13,2682,106,201809
2018/4/25,SPF,2643.75,2637,-45,-1.68%,5,2637,87,201809
2018/4/26,SPF,2658,2649,12,0.46%,40,2649,99,201809
2018/4/27,SPF,-,-,-,-,0,2672.75,109,201809
2018/4/30,SPF,-,-,-,-,0,2683,98,201809
2018/5/2,SPF,2652,2652.25,-30.75,-1.15%,2,2652.25,97,201809
2018/5/3,SPF,2632,2633,-19.25,-0.73%,3,2633,84,201809
2018/5/4,SPF,2629,2636.5,3.5,0.13%,2,2636.5,84,201809
2018/5/7,SPF,2676,2676,39.5,1.50%,16,2676,87,201809
2018/5/8,SPF,2674,2674,-2,-0.07%,1,2674,101,201809
2018/5/9,SPF,-,-,-,-,0,2675.5,113,201809
2018/5/10,SPF,2703,2706,30.5,1.14%,5,2706,128,201809
2018/5/11,SPF,2725.25,2726.5,20.5,0.76%,45,2726.5,150,201809
2018/5/14,SPF,2740,2742,15.5,0.57%,2,2742,152,201809
2018/5/15,SPF,2731,2731,-11,-0.40%,1,2731,125,201809
2018/5/16,SPF,-,-,-,-,0,2716,94,201809
2018/5/17,SPF,2726.25,2726.25,10.25,0.38%,5,2726.25,97,201809
2018/5/18,SPF,-,-,-,-,0,2728.75,127,201809
2018/5/21,SPF,2735.25,2735.25,6.5,0.24%,2,2735.25,113,201809
2018/5/22,SPF,2737,2737,1.75,0.06%,1,2737,125,201809
2018/5/23,SPF,2730.25,2723.5,-13.5,-0.49%,46,2723.5,132,201809
2018/5/24,SPF,2729.5,2729.5,6,0.22%,2,2729.5,135,201809
2018/5/25,SPF,2739,2740.25,10.75,0.39%,43,2740.25,148,201809
2018/5/28,SPF,2734.25,2734.5,-5.75,-0.21%,2,2734.5,136,201809
2018/5/29,SPF,2724.5,2721,-13.5,-0.49%,22,2721,124,201809
2018/5/30,SPF,2691.5,2696.5,-24.5,-0.90%,2,2696.5,144,201809
2018/5/31,SPF,2728.5,2728.5,32,1.19%,1,2728.5,107,201809
2018/6/1,SPF,2715.25,2715,-13.5,-0.49%,3,2715,85,201809
2018/6/4,SPF,2741.5,2743.5,28.5,1.05%,25,2743.5,87,201809
2018/6/5,SPF,2747,2747,3.5,0.13%,1,2748,130,201809
2018/6/6,SPF,2757.75,2760.25,12.25,0.45%,4,2760.25,143,201809
2018/6/7,SPF,2775.5,2778.5,18.25,0.66%,4,2778.5,141,201809
2018/6/8,SPF,2775.25,2771.5,-7,-0.25%,16,2771.5,149,201809
2018/6/11,SPF,2780.5,2778.75,7.25,0.26%,4,2778.75,132,201809
2018/6/12,SPF,2785,2789,10.25,0.37%,10,2789,137,201809
2018/6/13,SPF,2794,2794.5,5.5,0.20%,11,2794.5,132,201809
2018/6/14,SPF,2781.5,2777,-17.5,-0.63%,48,2777,162,201809
2018/6/15,SPF,2783.75,2788,11,0.40%,71,2788,223,201809
2018/6/19,SPF,2765,2755,-33,-1.18%,86,2755,174,201809
2018/6/19,SPF,-,-,-,-,0,2784,0,201909
2018/6/20,SPF,2766,2773.5,18.5,0.67%,16,2773.5,221,201809
2018/6/20,SPF,2765,2765,-19,-0.68%,1,2765,1,201909
2018/6/21,SPF,2775.5,2782,8.5,0.31%,56,2782,249,201809
2018/6/21,SPF,-,-,-,-,0,2773.5,1,201909
2018/6/22,SPF,2754.25,2759.75,-22.25,-0.80%,17,2759.75,254,201809
2018/6/22,SPF,-,-,-,-,0,2751.25,1,201909
2018/6/25,SPF,2746.5,2743.5,-16.25,-0.59%,123,2743.5,263,201809
2018/6/25,SPF,-,-,-,-,0,2735,1,201909
2018/6/26,SPF,2725.75,2725.5,-18,-0.66%,13,2725.5,280,201809
2018/6/26,SPF,-,-,-,-,0,2717,1,201909
2018/6/27,SPF,2731.75,2727,1.5,0.06%,15,2727,319,201809
2018/6/27,SPF,-,-,-,-,0,2718.5,1,201909
2018/6/28,SPF,2708.25,2709,-18,-0.66%,37,2709,323,201809
2018/6/28,SPF,-,-,-,-,0,2700.5,1,201909
2018/6/29,SPF,2718,2726.25,17.25,0.64%,138,2726.25,371,201809
2018/6/29,SPF,-,-,-,-,0,2717.75,1,201909
2018/7/2,SPF,2723.5,2709.25,-17,-0.62%,99,2709.25,390,201809
2018/7/2,SPF,-,-,-,-,0,2700.75,1,201909
2018/7/3,SPF,2726.5,2729,19.75,0.73%,109,2729,440,201809
2018/7/3,SPF,2732,2732,31.25,1.16%,1,2732,2,201909
2018/7/4,SPF,2713.5,2717.25,-11.75,-0.43%,4,2717.25,420,201809
2018/7/4,SPF,-,-,-,-,0,2720.25,2,201909
2018/7/5,SPF,2719.25,2715,-2.25,-0.08%,75,2715,411,201809
2018/7/5,SPF,-,-,-,-,0,2718,2,201909
2018/7/6,SPF,2736.25,2746,31,1.14%,139,2746,447,201809
2018/7/6,SPF,-,-,-,-,0,2749,2,201909
2018/7/9,SPF,2766.25,2773.25,27.25,0.99%,35,2773.25,513,201809
2018/7/9,SPF,-,-,-,-,0,2776.25,2,201909
2018/7/10,SPF,2794.75,2791.25,18,0.65%,22,2791.25,527,201809
2018/7/10,SPF,-,-,-,-,0,2794.25,2,201909
2018/7/11,SPF,2773.5,2778.25,-13,-0.47%,54,2778.25,513,201809
2018/7/11,SPF,-,-,-,-,0,2781.25,2,201909
2018/7/12,SPF,2778.25,2784,5.75,0.21%,32,2784,475,201809
2018/7/12,SPF,-,-,-,-,0,2787,2,201909
2018/7/13,SPF,2803.75,2806,22,0.79%,24,2806,492,201809
2018/7/13,SPF,-,-,-,-,0,2809,2,201909
2018/7/16,SPF,2807.25,2804.25,-1.75,-0.06%,8,2804.25,479,201809
2018/7/16,SPF,-,-,-,-,0,2807.25,2,201909
2018/7/17,SPF,2799.25,2795.5,-8.75,-0.31%,52,2795.5,462,201809
2018/7/17,SPF,-,-,-,-,0,2798.5,2,201909
2018/7/18,SPF,2815,2812,16.5,0.59%,21,2812,483,201809
2018/7/18,SPF,-,-,-,-,0,2815,2,201909
2018/7/19,SPF,2816.75,2814,2,0.07%,13,2814,491,201809
2018/7/19,SPF,-,-,-,-,0,2817,2,201909
2018/7/20,SPF,2809.5,2802,-12,-0.43%,131,2802,464,201809
2018/7/20,SPF,-,-,-,-,0,2805,2,201909
2018/7/23,SPF,2801.75,2798,-4,-0.14%,48,2798,476,201809
2018/7/23,SPF,-,-,-,-,0,2801,2,201909
2018/7/24,SPF,2814.5,2818.5,20.5,0.73%,52,2818.5,487,201809
2018/7/24,SPF,-,-,-,-,0,2821.5,2,201909
2018/7/25,SPF,2816,2815,-3.5,-0.12%,22,2815,489,201809
2018/7/25,SPF,-,-,-,-,0,2818,2,201909
2018/7/26,SPF,2837,2833.75,18.75,0.67%,52,2833.75,526,201809
2018/7/26,SPF,-,-,-,-,0,2836.75,2,201909
2018/7/27,SPF,2842.5,2844,10.25,0.36%,81,2844,479,201809
2018/7/27,SPF,-,-,-,-,0,2847,2,201909
2018/7/30,SPF,2811,2809.75,-34.25,-1.20%,45,2809.75,464,201809
2018/7/30,SPF,-,-,-,-,0,2812.75,2,201909
2018/7/31,SPF,2804.75,2807.25,-2.5,-0.09%,38,2807.25,447,201809
2018/7/31,SPF,-,-,-,-,0,2810.25,2,201909
2018/8/1,SPF,2818,2816.5,9.25,0.33%,14,2816.5,465,201809
2018/8/1,SPF,-,-,-,-,0,2819.5,2,201909
2018/8/2,SPF,2815,2806.75,-9.75,-0.35%,69,2806.75,497,201809
2018/8/2,SPF,-,-,-,-,0,2809.75,2,201909
2018/8/3,SPF,2829.5,2827.75,21,0.75%,25,2827.75,469,201809
2018/8/3,SPF,-,-,-,-,0,2830.75,2,201909
2018/8/6,SPF,2840.75,2843,15.25,0.54%,47,2843,482,201809
2018/8/6,SPF,-,-,-,-,0,2846,2,201909
2018/8/7,SPF,2850,2852,9,0.32%,37,2852,490,201809
2018/8/7,SPF,-,-,-,-,0,2855,2,201909
2018/8/8,SPF,2860.75,2860,8,0.28%,22,2860,488,201809
2018/8/8,SPF,-,-,-,-,0,2863,2,201909
2018/8/9,SPF,2854.25,2856.75,-3.25,-0.11%,3,2857.5,489,201809
2018/8/9,SPF,-,-,-,-,0,2860.5,2,201909
2018/8/10,SPF,2849.75,2844.5,-13,-0.45%,60,2844.5,459,201809
2018/8/10,SPF,-,-,-,-,0,2847.5,2,201909
2018/8/13,SPF,2829.5,2827,-17.5,-0.62%,65,2827,457,201809
2018/8/13,SPF,-,-,-,-,0,2830,2,201909
2018/8/14,SPF,2829,2831,4,0.14%,92,2831,456,201809
2018/8/14,SPF,-,-,-,-,0,2834,2,201909
2018/8/15,SPF,2841.75,2836.25,5.25,0.19%,96,2836.25,500,201809
2018/8/15,SPF,-,-,-,-,0,2839.25,2,201909
2018/8/16,SPF,2821.25,2830.25,-6,-0.21%,200,2830.25,503,201809
2018/8/16,SPF,-,-,-,-,0,2833.25,2,201909
2018/8/17,SPF,2843,2844,13.75,0.49%,73,2844,490,201809
2018/8/17,SPF,-,-,-,-,0,2847,2,201909
2018/8/20,SPF,2853.5,2851.5,7.5,0.26%,17,2851.5,505,201809
2018/8/20,SPF,-,-,-,-,0,2854.5,2,201909
2018/8/21,SPF,2855.75,2858.5,7,0.25%,47,2858.5,497,201809
2018/8/21,SPF,-,-,-,-,0,2861.5,2,201909
2018/8/22,SPF,2850,2854.75,-3.75,-0.13%,124,2854.75,498,201809
2018/8/22,SPF,-,-,-,-,0,2857.75,2,201909
2018/8/23,SPF,2865,2859.75,5,0.18%,145,2859.75,520,201809
2018/8/23,SPF,-,-,-,-,0,2862.75,2,201909
2018/8/24,SPF,2859.5,2863.5,3.75,0.13%,49,2863.5,494,201809
2018/8/24,SPF,-,-,-,-,0,2866.5,2,201909
2018/8/27,SPF,2882.25,2884,20.5,0.72%,31,2884,508,201809
2018/8/27,SPF,-,-,-,-,0,2887,2,201909
2018/8/28,SPF,2902.5,2898.25,14.25,0.49%,66,2898.25,499,201809
2018/8/28,SPF,-,-,-,-,0,2901.25,2,201909
2018/8/29,SPF,2903.25,2904.5,6.25,0.22%,9,2904.5,489,201809
2018/8/29,SPF,-,-,-,-,0,2907.5,2,201909
2018/8/30,SPF,2914.75,2910.5,6,0.21%,90,2910.5,509,201809
2018/8/30,SPF,-,-,-,-,0,2913.5,2,201909
2018/8/31,SPF,2899.25,2902.25,-8.25,-0.28%,143,2902.25,476,201809
2018/8/31,SPF,-,-,-,-,0,2905.25,2,201909
2018/9/3,SPF,2905,2903.5,1.25,0.04%,23,2903.5,462,201809
2018/9/3,SPF,-,-,-,-,0,2906.5,2,201909
2018/9/4,SPF,2905.25,2909,5.5,0.19%,34,2909,463,201809
2018/9/4,SPF,-,-,-,-,0,2912,2,201909
2018/9/5,SPF,2897.75,2897,-12,-0.41%,53,2897,440,201809
2018/9/5,SPF,-,-,-,-,0,2900,2,201909
2018/9/6,SPF,2886.75,2887.75,-9.25,-0.32%,42,2887.75,419,201809
2018/9/6,SPF,-,-,-,-,0,2890.75,2,201909
2018/9/7,SPF,2873,2874.25,-13.5,-0.47%,167,2874.25,407,201809
2018/9/7,SPF,-,-,-,-,0,2877.25,2,201909
2018/9/10,SPF,2878,2877.25,3,0.10%,198,2877.25,418,201809
2018/9/10,SPF,-,-,-,-,0,2880.25,2,201909
2018/9/11,SPF,2883,2884,6.75,0.23%,30,2884,393,201809
2018/9/11,SPF,-,-,-,-,0,2887,2,201909
2018/9/12,SPF,2888.75,2888.5,4.5,0.16%,20,2888.5,389,201809
2018/9/12,SPF,-,-,-,-,0,2891.5,2,201909
2018/9/13,SPF,2889.5,2885.5,-3,-0.10%,18,2885.5,402,201809
2018/9/13,SPF,-,-,-,-,0,2888.5,2,201909
2018/9/14,SPF,2905.5,2907.25,21.75,0.75%,25,2907.25,356,201809
2018/9/14,SPF,-,-,-,-,0,2910.25,2,201909
2018/9/17,SPF,2900.5,2900.25,-7,-0.24%,5,2900.25,391,201809
2018/9/17,SPF,-,-,-,-,0,2903.25,2,201909
2018/9/18,SPF,2882,2889,-11.25,-0.39%,135,2889,355,201809
2018/9/18,SPF,-,-,-,-,0,2892,2,201909
2018/9/19,SPF,2906.5,2906,17,0.59%,20,2906,366,201809
2018/9/19,SPF,-,-,-,-,0,2909,2,201909
2018/9/20,SPF,2910.5,2909.5,3.5,0.12%,19,2909.5,358,201809
2018/9/20,SPF,2921,2921,12,0.41%,1,2921,4,201909
2018/9/21,SPF,2936.25,2934,24.5,0.84%,7,2934,390,201809
2018/9/21,SPF,-,-,-,-,0,2945.5,4,201909
2018/9/25,SPF,-,-,-,-,0,2928,4,201909
2018/9/26,SPF,-,-,-,-,0,2930.75,4,201909
2018/9/27,SPF,2913.25,2913.25,-17.5,-0.60%,1,2913.25,5,201909
2018/9/28,SPF,-,-,-,-,0,2924.25,5,201909
2018/10/1,SPF,-,-,-,-,0,2937.5,5,201909
2018/10/2,SPF,-,-,-,-,0,2928,5,201909
2018/10/3,SPF,-,-,-,-,0,2935.25,5,201909
2018/10/4,SPF,-,-,-,-,0,2919.75,5,201909
2018/10/5,SPF,-,-,-,-,0,2913.75,5,201909
2018/10/8,SPF,-,-,-,-,0,2898.25,5,201909
2018/10/9,SPF,-,-,-,-,0,2893.25,3,201909
2018/10/11,SPF,-,-,-,-,0,2759.25,3,201909
2018/10/12,SPF,2799,2799,39.75,1.44%,1,2799,2,201909
2018/10/15,SPF,-,-,-,-,0,2777.75,2,201909
2018/10/16,SPF,-,-,-,-,0,2781,2,201909
2018/10/17,SPF,-,-,-,-,0,2836.75,2,201909
2018/10/18,SPF,-,-,-,-,0,2826.25,2,201909
2018/10/19,SPF,-,-,-,-,0,2803.5,2,201909
2018/10/22,SPF,-,-,-,-,0,2792,2,201909
2018/10/23,SPF,-,-,-,-,0,2753.25,2,201909
2018/10/24,SPF,-,-,-,-,0,2760.5,2,201909
2018/10/25,SPF,-,-,-,-,0,2691,2,201909
2018/10/26,SPF,-,-,-,-,0,2683.25,2,201909
2018/10/29,SPF,-,-,-,-,0,2685.75,4,201909
2018/10/30,SPF,-,-,-,-,0,2681.75,4,201909
2018/10/31,SPF,-,-,-,-,0,2716.25,4,201909
2018/11/1,SPF,-,-,-,-,0,2738.5,4,201909
2018/11/2,SPF,-,-,-,-,0,2774.75,4,201909
2018/11/5,SPF,-,-,-,-,0,2736.75,4,201909
2018/11/6,SPF,-,-,-,-,0,2762.75,4,201909
2018/11/7,SPF,-,-,-,-,0,2784.75,4,201909
2018/11/8,SPF,-,-,-,-,0,2833.25,4,201909
2018/11/9,SPF,-,-,-,-,0,2829.25,4,201909
2018/11/12,SPF,-,-,-,-,0,2811.25,4,201909
2018/11/13,SPF,-,-,-,-,0,2761,4,201909
2018/11/14,SPF,-,-,-,-,0,2750.25,4,201909
2018/11/15,SPF,-,-,-,-,0,2720,4,201909
2018/11/16,SPF,-,-,-,-,0,2747.25,4,201909
2018/11/19,SPF,-,-,-,-,0,2753.75,4,201909
2018/11/20,SPF,-,-,-,-,0,2710.5,4,201909
2018/11/21,SPF,-,-,-,-,0,2669.75,4,201909
2018/11/22,SPF,-,-,-,-,0,2674.75,4,201909
2018/11/23,SPF,-,-,-,-,0,2658.75,2,201909
2018/11/26,SPF,-,-,-,-,0,2664.25,2,201909
2018/11/27,SPF,-,-,-,-,0,2685.75,2,201909
2018/11/28,SPF,-,-,-,-,0,2706.75,2,201909
2018/11/29,SPF,-,-,-,-,0,2756.5,2,201909
2018/11/30,SPF,-,-,-,-,0,2760.75,2,201909
2018/12/3,SPF,2810,2810,49.25,1.78%,1,2817.5,3,201909
2018/12/4,SPF,-,-,-,-,0,2781,3,201909
2018/12/5,SPF,2733.5,2733.5,-47.5,-1.71%,1,2731.5,2,201909
2018/12/6,SPF,-,-,-,-,0,2689.25,2,201909
2018/12/7,SPF,-,-,-,-,0,2706.25,2,201909
2018/12/10,SPF,-,-,-,-,0,2636,2,201909
2018/12/11,SPF,-,-,-,-,0,2655.25,2,201909
2018/12/12,SPF,-,-,-,-,0,2674,2,201909
2018/12/13,SPF,-,-,-,-,0,2678,2,201909
2018/12/14,SPF,-,-,-,-,0,2644.75,2,201909
2018/12/17,SPF,-,-,-,-,0,2631.5,2,201909
2018/12/18,SPF,-,-,-,-,0,2570.25,2,201909
2018/12/19,SPF,-,-,-,-,0,2571,2,201909
2018/12/20,SPF,-,-,-,-,0,2503,2,201909
2018/12/21,SPF,-,-,-,-,0,2494.25,2,201909
2018/12/22,SPF,-,-,-,-,0,2436.25,2,201909
2018/12/24,SPF,-,-,-,-,0,2440.25,2,201909
2018/12/25,SPF,-,-,-,-,0,2364.5,2,201909
2018/12/26,SPF,-,-,-,-,0,2344,2,201909
2018/12/27,SPF,-,-,-,-,0,2481.75,2,201909
2018/12/28,SPF,-,-,-,-,0,2509.25,2,201909
2019/1/2,SPF,-,-,-,-,0,2495.25,2,201909
2019/1/3,SPF,-,-,-,-,0,2484.5,2,201909
2019/1/4,SPF,-,-,-,-,0,2475.25,2,201909
2019/1/7,SPF,-,-,-,-,0,2544,2,201909
2019/1/8,SPF,-,-,-,-,0,2561.25,2,201909
2019/1/9,SPF,-,-,-,-,0,2589.25,2,201909
2019/1/10,SPF,-,-,-,-,0,2575,2,201909
2019/1/11,SPF,-,-,-,-,0,2595,2,201909
2019/1/14,SPF,-,-,-,-,0,2579.75,2,201909
2019/1/15,SPF,-,-,-,-,0,2600.5,2,201909
2019/1/16,SPF,-,-,-,-,0,2616.25,2,201909
2019/1/17,SPF,-,-,-,-,0,2610.5,2,201909
2019/1/18,SPF,-,-,-,-,0,2646.25,2,201909
2019/1/21,SPF,-,-,-,-,0,2668.75,2,201909
2019/1/22,SPF,-,-,-,-,0,2656,2,201909
2019/1/23,SPF,-,-,-,-,0,2641.5,2,201909
2019/1/24,SPF,-,-,-,-,0,2642.5,2,201909
2019/1/25,SPF,-,-,-,-,0,2655.25,2,201909
2019/1/28,SPF,-,-,-,-,0,2661,2,201909
2019/1/29,SPF,-,-,-,-,0,2638,2,201909
2019/1/30,SPF,-,-,-,-,0,2647.25,2,201909
2019/2/11,SPF,-,-,-,-,0,2709.25,2,201909
2019/2/12,SPF,-,-,-,-,0,2726,2,201909
2019/2/13,SPF,2760,2760,34,1.25%,1,2760,4,201909
2019/2/14,SPF,-,-,-,-,0,2758.25,5,201909
2019/2/15,SPF,-,-,-,-,0,2739,5,201909
2019/2/18,SPF,-,-,-,-,0,2782.5,6,201909
2019/2/19,SPF,-,-,-,-,0,2781,6,201909
2019/2/20,SPF,-,-,-,-,0,2782,6,201909
2019/2/21,SPF,-,-,-,-,0,2801.25,6,201909
2019/2/22,SPF,-,-,-,-,0,2780.25,6,201909
2019/2/25,SPF,-,-,-,-,0,2802.75,6,201909
2019/2/26,SPF,-,-,-,-,0,2793.25,6,201909
2019/2/27,SPF,-,-,-,-,0,2797.25,6,201909
2019/3/4,SPF,-,-,-,-,0,2822.25,6,201909
2019/3/5,SPF,-,-,-,-,0,2796,6,201909
2019/3/6,SPF,-,-,-,-,0,2791.25,6,201909
2019/3/7,SPF,-,-,-,-,0,2771.5,6,201909
2019/3/8,SPF,2753.5,2753.5,-18,-0.65%,1,2753.5,7,201909
2019/3/11,SPF,-,-,-,-,0,2760.5,6,201909
2019/3/12,SPF,-,-,-,-,0,2801.5,6,201909
2019/3/13,SPF,-,-,-,-,0,2800.5,6,201909
2019/3/14,SPF,-,-,-,-,0,2822.25,6,201909
2019/3/15,SPF,-,-,-,-,0,2826.25,7,201909
2019/3/18,SPF,2831.5,2836.75,10.5,0.37%,18,2836.75,17,201909
2019/3/19,SPF,2847,2849,12.25,0.43%,43,2849,23,201909
2019/3/20,SPF,2838.5,2839.25,-9.75,-0.34%,106,2839.25,90,201909
2019/3/21,SPF,2840.5,2835.25,-4,-0.14%,95,2835.25,92,201909
2019/3/22,SPF,2868.5,2862,26.75,0.94%,3,2862,95,201909
2019/3/25,SPF,2801,2800.75,-61.25,-2.14%,31,2800.75,127,201909
2019/3/26,SPF,2818,2821,20.25,0.72%,9,2821,74,201909
2019/3/27,SPF,2826.25,2832,11,0.39%,10,2832,62,201909
2019/3/28,SPF,2802.5,2806.75,-25.25,-0.89%,44,2806.75,75,201909
2019/3/29,SPF,2827,2831,24.25,0.86%,70,2830.25,81,201909
2019/4/1,SPF,2860,2861.75,31.5,1.11%,177,2861.75,132,201909
2019/4/2,SPF,2874.75,2871.25,9.5,0.33%,149,2871.25,106,201909
2019/4/3,SPF,2877,2884.5,13.25,0.46%,398,2884.5,195,201909
2019/4/8,SPF,2900.75,2894.25,9.75,0.34%,235,2894.25,227,201909
2019/4/9,SPF,-,-,-,-,0,2900,235,201909
2019/4/10,SPF,2888,2890,-10,-0.34%,43,2890,267,201909
2019/4/11,SPF,2902,2902.75,12.75,0.44%,66,2898.5,304,201909
2019/4/12,SPF,-,-,-,-,0,2900.25,250,201909
2019/4/15,SPF,2915.25,2917,16.75,0.58%,22,2917,267,201909
2019/4/16,SPF,2916.5,2921.25,4.25,0.15%,24,2921.25,279,201909
2019/4/17,SPF,2915.25,2918.75,-2.5,-0.09%,101,2920.75,261,201909
2019/4/18,SPF,2907,2898.75,-22,-0.75%,39,2898.75,204,201909
2019/4/19,SPF,-,-,-,-,0,2914,213,201909
2019/4/22,SPF,2911,2910,-4,-0.14%,132,2910,213,201909
2019/4/23,SPF,2916.25,2919,9,0.31%,7,2919,219,201909
2019/4/24,SPF,2944,2940.5,21.5,0.74%,18,2940.5,236,201909
2019/4/25,SPF,2938,2940,-0.5,-0.02%,54,2940,232,201909
2019/4/26,SPF,2929.25,2930.75,-9.25,-0.31%,9,2930.75,223,201909
2019/4/29,SPF,2946.5,2948,17.25,0.59%,20,2948,233,201909
2019/4/30,SPF,2946.75,2946.25,-1.75,-0.06%,320,2946.25,216,201909
2019/5/2,SPF,2928.25,2929.25,-17,-0.58%,18,2929.25,220,201909
2019/5/3,SPF,2925.5,2929,-0.25,-0.01%,99,2929,205,201909
2019/5/6,SPF,2899,2903,-26,-0.89%,709,2903,223,201909
2019/5/7,SPF,2920,2919,16,0.55%,424,2919,200,201909
2019/5/8,SPF,2893.75,2897.5,-21.5,-0.74%,285,2897.5,185,201909
2019/5/9,SPF,2884,2876.25,-21.25,-0.73%,361,2876.25,205,201909
2019/5/10,SPF,2882.75,2870,-6.25,-0.22%,1311,2870,184,201909
2019/5/13,SPF,2862.75,2861.5,-8.5,-0.30%,21,2861.5,154,201909
2019/5/14,SPF,2816.25,2826.25,-35.25,-1.23%,5,2826.25,153,201909
2019/5/15,SPF,2845,2848.75,22.5,0.80%,3,2848.75,164,201909
2019/5/16,SPF,2852.75,2849,0.25,0.01%,12,2849,157,201909
2019/5/17,SPF,2880,2874.25,25.25,0.89%,3,2874.25,183,201909
2019/5/20,SPF,2876.75,2876.25,2,0.07%,30,2876.25,186,201909
2019/5/21,SPF,2857.25,2860,-16.25,-0.56%,96,2860,190,201909
2019/5/22,SPF,2872,2869.75,9.75,0.34%,22,2869.75,206,201909
2019/5/23,SPF,2856,2849.25,-20.5,-0.71%,5,2849.25,204,201909
2019/5/24,SPF,2834,2834,-15.25,-0.54%,3,2834,184,201909
2019/5/27,SPF,2835,2834,0,0.00%,12,2834,186,201909
2019/5/28,SPF,2841.25,2844,10,0.35%,18,2844,192,201909
2019/5/29,SPF,2825,2802.5,-41.5,-1.46%,82,2802.5,198,201909
2019/5/30,SPF,2784.75,2788,-14.5,-0.52%,68,2788,202,201909
2019/5/31,SPF,2772.5,2773.5,-14.5,-0.52%,129,2773.5,166,201909
2019/6/3,SPF,2747.75,2741.5,-32,-1.15%,85,2741.5,162,201909
2019/6/4,SPF,2752.5,2755.25,13.75,0.50%,210,2755.25,251,201909
2019/6/5,SPF,2809.75,2814.5,59.25,2.15%,75,2814.5,306,201909
2019/6/6,SPF,2829.5,2828.5,14,0.50%,96,2828.5,327,201909
2019/6/10,SPF,2884.75,2886.5,58,2.05%,101,2886.5,359,201909
2019/6/11,SPF,2895,2898.5,12,0.42%,19,2898.5,383,201909
2019/6/12,SPF,2892,2889,-9.5,-0.33%,78,2889,392,201909
2019/6/13,SPF,2886,2881.25,-7.75,-0.27%,42,2881.25,384,201909
2019/6/14,SPF,2896.75,2900.5,19.25,0.67%,112,2900.5,408,201909
2019/6/17,SPF,2899,2901.5,1,0.03%,101,2901.5,449,201909
2019/6/18,SPF,2898.25,2895.25,-6.25,-0.22%,9,2895.25,482,201909
2019/6/19,SPF,2928.75,2927.5,32.25,1.11%,84,2927.5,561,201909
2019/6/20,SPF,2939.25,2945.25,17.75,0.61%,338,2945.25,566,201909
2019/6/21,SPF,2957,2948.25,3,0.10%,113,2948.25,607,201909
2019/6/24,SPF,2956.25,2959.25,11,0.37%,110,2959.25,618,201909
2019/6/24,SPF,-,-,-,-,0,2974.5,0,202009
2019/6/25,SPF,2955.75,2943,-16.25,-0.55%,252,2943,576,201909
2019/6/25,SPF,-,-,-,-,0,2958.25,0,202009
2019/6/26,SPF,2923,2921.5,-21.5,-0.73%,112,2921.5,570,201909
2019/6/26,SPF,-,-,-,-,0,2936.75,0,202009
2019/6/27,SPF,2919.5,2926.75,5.25,0.18%,155,2926.75,574,201909
2019/6/27,SPF,-,-,-,-,0,2942,0,202009
2019/6/28,SPF,2936.75,2932,5.25,0.18%,62,2932,600,201909
2019/6/28,SPF,-,-,-,-,0,2933,0,202009
2019/7/1,SPF,2965.75,2975.5,43.5,1.48%,245,2975.5,636,201909
2019/7/1,SPF,-,-,-,-,0,2971.25,0,202009
2019/7/2,SPF,2965.5,2968.25,-7.25,-0.24%,94,2968.25,600,201909
2019/7/2,SPF,-,-,-,-,0,2964,0,202009
2019/7/3,SPF,2977,2976,7.75,0.26%,71,2976,640,201909
2019/7/3,SPF,-,-,-,-,0,2971.75,1,202009
2019/7/4,SPF,2998.5,2999.5,23.5,0.79%,58,2999.5,725,201909
2019/7/4,SPF,-,-,-,-,0,2995.25,1,202009
2019/7/5,SPF,3002,3003.25,3.75,0.13%,64,3003.25,757,201909
2019/7/5,SPF,-,-,-,-,0,2999,1,202009
2019/7/8,SPF,2987.5,2980.75,-22.5,-0.75%,62,2980.75,700,201909
2019/7/8,SPF,-,-,-,-,0,2976.5,1,202009
2019/7/9,SPF,2978.25,2969.5,-11.25,-0.38%,204,2969.5,684,201909
2019/7/9,SPF,-,-,-,-,0,2965.25,1,202009
2019/7/10,SPF,2984.5,2981,11.5,0.39%,111,2981,695,201909
2019/7/10,SPF,-,-,-,-,0,2976.75,1,202009
2019/7/11,SPF,3001,3005.25,24.25,0.81%,98,3005.25,726,201909
2019/7/11,SPF,-,-,-,-,0,3001,1,202009
2019/7/12,SPF,3005.5,3011.25,6,0.20%,317,3011,734,201909
2019/7/12,SPF,-,-,-,-,0,3006.75,1,202009
2019/7/15,SPF,3014.5,3017.25,6.25,0.21%,348,3017.25,734,201909
2019/7/15,SPF,-,-,-,-,0,3013,1,202009
2019/7/16,SPF,3019,3019.75,2.5,0.08%,46,3019.75,677,201909
2019/7/16,SPF,-,-,-,-,0,3015.5,1,202009
2019/7/17,SPF,3006,3009,-10.75,-0.36%,80,3009,722,201909
2019/7/17,SPF,-,-,-,-,0,3004.75,1,202009
2019/7/18,SPF,2979.5,2975.75,-33.25,-1.11%,394,2975.75,580,201909
2019/7/18,SPF,-,-,-,-,0,2981,1,202009
2019/7/19,SPF,3004.75,3006.75,31,1.04%,67,3006.75,608,201909
2019/7/19,SPF,-,-,-,-,0,3012,1,202009
2019/7/22,SPF,2975.5,2981.5,-25.25,-0.84%,356,2981.5,646,201909
2019/7/22,SPF,-,-,-,-,0,2986.75,1,202009
2019/7/23,SPF,2992.75,2990,8.5,0.29%,66,2990,675,201909
2019/7/23,SPF,-,-,-,-,0,2995.25,1,202009
2019/7/24,SPF,3003,3005.25,15.25,0.51%,96,3005.25,695,201909
2019/7/24,SPF,-,-,-,-,0,3010.5,1,202009
2019/7/25,SPF,3021,3023,17.75,0.59%,174,3023,768,201909
2019/7/25,SPF,-,-,-,-,0,3028.25,1,202009
2019/7/26,SPF,3009,3014,-9,-0.30%,261,3014,739,201909
2019/7/26,SPF,-,-,-,-,0,3019.25,1,202009
2019/7/29,SPF,3022.25,3020.25,6.25,0.21%,54,3020.25,840,201909
2019/7/29,SPF,-,-,-,-,0,3025.5,1,202009
2019/7/30,SPF,3025.5,3024.75,4.5,0.15%,57,3024.75,831,201909
2019/7/30,SPF,-,-,-,-,0,3030,1,202009
2019/7/31,SPF,3018,3019.5,-5.25,-0.17%,236,3019,783,201909
2019/7/31,SPF,-,-,-,-,0,3024.25,1,202009
2019/8/1,SPF,2976.5,2998,-21,-0.70%,168,2983,724,201909
2019/8/1,SPF,-,-,-,-,0,2988.25,1,202009
2019/8/2,SPF,2947.75,2947,-36,-1.21%,521,2947,657,201909
2019/8/2,SPF,-,-,-,-,0,2952.25,1,202009
2019/8/5,SPF,2933.25,2902,-45,-1.53%,1410,2902,562,201909
2019/8/5,SPF,-,-,-,-,0,2907.25,1,202009
2019/8/6,SPF,2798,2836.5,-65.5,-2.26%,1008,2836.5,502,201909
2019/8/6,SPF,-,-,-,-,0,2841.75,1,202009
2019/8/7,SPF,2867,2868.75,32.25,1.14%,746,2868.75,480,201909
2019/8/7,SPF,-,-,-,-,0,2874,1,202009
2019/8/8,SPF,2876.25,2894,25.25,0.88%,1332,2894,482,201909
2019/8/8,SPF,-,-,-,-,0,2899.25,1,202009
2019/8/12,SPF,2918,2925.5,31.5,1.09%,443,2925.5,529,201909
2019/8/12,SPF,-,-,-,-,0,2930.75,1,202009
2019/8/13,SPF,2886.5,2885.25,-40.25,-1.38%,462,2885.25,497,201909
2019/8/13,SPF,-,-,-,-,0,2890.5,1,202009
2019/8/14,SPF,2930,2929.5,44.25,1.53%,647,2929.5,564,201909
2019/8/14,SPF,-,-,-,-,0,2934.75,1,202009
2019/8/15,SPF,2843.5,2855,-74.5,-2.54%,548,2855,477,201909
2019/8/15,SPF,-,-,-,-,0,2860.25,1,202009
2019/8/16,SPF,2854,2867.5,12.5,0.44%,539,2867.25,386,201909
2019/8/16,SPF,2860.25,2860.25,0,0.00%,2,2860.25,2,202009
2019/8/19,SPF,2903,2908.5,41.25,1.44%,242,2908.5,464,201909
2019/8/19,SPF,-,-,-,-,0,2901.5,2,202009
2019/8/20,SPF,2918.5,2927.5,19,0.65%,112,2927.5,494,201909
2019/8/20,SPF,-,-,-,-,0,2920.5,2,202009
2019/8/21,SPF,2903.5,2906.75,-20.75,-0.71%,83,2906.75,459,201909
2019/8/21,SPF,-,-,-,-,0,2899.75,2,202009
2019/8/22,SPF,2932.75,2923,16.25,0.56%,87,2923,492,201909
2019/8/22,SPF,-,-,-,-,0,2916,2,202009
2019/8/23,SPF,2926.75,2932.75,9.75,0.33%,170,2932.75,511,201909
2019/8/23,SPF,-,-,-,-,0,2925.75,2,202009
2019/8/26,SPF,2829,2831.75,-101,-3.44%,1174,2831.75,405,201909
2019/8/26,SPF,-,-,-,-,0,2824.75,2,202009
2019/8/27,SPF,2878.5,2877,45.25,1.60%,278,2877,469,201909
2019/8/27,SPF,-,-,-,-,0,2870,2,202009
2019/8/28,SPF,2869,2875.5,-1.5,-0.05%,297,2875.5,466,201909
2019/8/28,SPF,-,-,-,-,0,2868.5,2,202009
2019/8/29,SPF,2884,2882.75,7.25,0.25%,235,2882.75,472,201909
2019/8/29,SPF,-,-,-,-,0,2875.75,2,202009
2019/8/30,SPF,2923.75,2928.75,46,1.60%,102,2928.75,492,201909
2019/8/30,SPF,-,-,-,-,0,2921.75,2,202009
2019/9/2,SPF,2909,2913.75,-15,-0.51%,183,2913.75,475,201909
2019/9/2,SPF,-,-,-,-,0,2906.75,2,202009
2019/9/3,SPF,2906.75,2908.5,-5.25,-0.18%,374,2908.5,495,201909
2019/9/3,SPF,-,-,-,-,0,2901.5,2,202009
2019/9/4,SPF,2904.5,2925.25,16.75,0.58%,418,2925.25,426,201909
2019/9/4,SPF,-,-,-,-,0,2918.25,2,202009
2019/9/5,SPF,2944.25,2966.75,41.5,1.42%,729,2966.75,418,201909
2019/9/5,SPF,2940,2940,21.75,0.75%,1,2940,3,202009
2019/9/6,SPF,2980.75,2976.25,9.5,0.32%,510,2976.25,449,201909
2019/9/6,SPF,-,-,-,-,0,2949.5,3,202009
2019/9/9,SPF,2983.25,2987.25,11,0.37%,160,2987.25,427,201909
2019/9/9,SPF,2980,2980,30.5,1.03%,1,2980,4,202009
2019/9/10,SPF,2984,2974,-13.25,-0.44%,138,2974,399,201909
2019/9/10,SPF,-,-,-,-,0,2966.75,4,202009
2019/9/11,SPF,2975,2982,8,0.27%,94,2982,361,201909
2019/9/11,SPF,-,-,-,-,0,2974.75,4,202009
2019/9/12,SPF,3015.75,3013,31,1.04%,88,3013,360,201909
2019/9/12,SPF,-,-,-,-,0,3005.75,4,202009
2019/9/16,SPF,2988,2991.75,-21.25,-0.71%,345,2991.75,255,201909
2019/9/16,SPF,-,-,-,-,0,2984.5,4,202009
2019/9/17,SPF,3002,2994.25,2.5,0.08%,81,2994.25,228,201909
2019/9/17,SPF,-,-,-,-,0,2987,4,202009
2019/9/18,SPF,3003.5,3000.5,6.25,0.21%,138,3000.5,200,201909
2019/9/18,SPF,-,-,-,-,0,2993.25,4,202009
2019/9/19,SPF,3006,2996.75,-3.75,-0.12%,71,2996.75,141,201909
2019/9/19,SPF,-,-,-,-,0,2989.5,4,202009
2019/9/20,SPF,3008.25,3007.25,10.5,0.35%,104,3007.25,106,201909
2019/9/20,SPF,-,-,-,-,0,3000,4,202009
2019/9/23,SPF,-,-,-,-,0,2992,4,202009
2019/9/24,SPF,-,-,-,-,0,2998.5,4,202009
2019/9/25,SPF,-,-,-,-,0,2967,4,202009
2019/9/26,SPF,-,-,-,-,0,2973,4,202009
2019/9/27,SPF,-,-,-,-,0,2972.25,4,202009
2019/10/1,SPF,-,-,-,-,0,2980,4,202009
2019/10/2,SPF,-,-,-,-,0,2934.5,4,202009
2019/10/3,SPF,-,-,-,-,0,2879.5,4,202009
2019/10/4,SPF,-,-,-,-,0,2904.25,4,202009
2019/10/7,SPF,-,-,-,-,0,2930,4,202009
2019/10/8,SPF,-,-,-,-,0,2936,4,202009
2019/10/9,SPF,-,-,-,-,0,2888.75,4,202009
2019/10/14,SPF,-,-,-,-,0,2967,4,202009
2019/10/15,SPF,-,-,-,-,0,2963.75,4,202009
2019/10/16,SPF,-,-,-,-,0,2978.75,4,202009
2019/10/17,SPF,-,-,-,-,0,2980,4,202009
2019/10/18,SPF,-,-,-,-,0,2983,4,202009
2019/10/21,SPF,-,-,-,-,0,2984.75,4,202009
2019/10/22,SPF,-,-,-,-,0,3002.75,4,202009
2019/10/23,SPF,-,-,-,-,0,2981.25,4,202009
2019/10/24,SPF,-,-,-,-,0,2996,4,202009
2019/10/25,SPF,-,-,-,-,0,2998,4,202009
2019/10/28,SPF,-,-,-,-,0,3015.5,4,202009
2019/10/29,SPF,-,-,-,-,0,3029,4,202009
2019/10/30,SPF,-,-,-,-,0,3025.25,4,202009
2019/10/31,SPF,-,-,-,-,0,3038.25,4,202009
2019/11/1,SPF,-,-,-,-,0,3034.75,4,202009
2019/11/4,SPF,-,-,-,-,0,3060.75,4,202009
2019/11/5,SPF,-,-,-,-,0,3070.75,4,202009
2019/11/6,SPF,-,-,-,-,0,3061.5,4,202009
2019/11/7,SPF,-,-,-,-,0,3063.25,4,202009
2019/11/8,SPF,-,-,-,-,0,3068.25,4,202009
2019/11/11,SPF,-,-,-,-,0,3072.25,4,202009
2019/11/12,SPF,-,-,-,-,0,3077.5,4,202009
2019/11/13,SPF,-,-,-,-,0,3074.5,4,202009
2019/11/14,SPF,-,-,-,-,0,3084.75,4,202009
2019/11/15,SPF,-,-,-,-,0,3099,4,202009
2019/11/18,SPF,-,-,-,-,0,3108,4,202009
2019/11/19,SPF,-,-,-,-,0,3113.5,4,202009
2019/11/20,SPF,-,-,-,-,0,3103.75,4,202009
2019/11/21,SPF,-,-,-,-,0,3094.75,4,202009
2019/11/22,SPF,-,-,-,-,0,3099,4,202009
2019/11/25,SPF,-,-,-,-,0,3110.5,4,202009
2019/11/26,SPF,-,-,-,-,0,3124.5,4,202009
2019/11/27,SPF,-,-,-,-,0,3136,4,202009
2019/11/28,SPF,-,-,-,-,0,3135,7,202009
2019/11/29,SPF,-,-,-,-,0,3134,7,202009
2019/12/2,SPF,-,-,-,-,0,3143.5,7,202009
2019/12/3,SPF,-,-,-,-,0,3111,7,202009
2019/12/4,SPF,-,-,-,-,0,3085.25,7,202009
2019/12/5,SPF,-,-,-,-,0,3100.5,7,202009
2019/12/6,SPF,-,-,-,-,0,3111.25,7,202009
2019/12/9,SPF,-,-,-,-,0,3132,7,202009
2019/12/10,SPF,-,-,-,-,0,3128,7,202009
2019/12/11,SPF,-,-,-,-,0,3125,7,202009
2019/12/12,SPF,-,-,-,-,0,3137.25,7,202009
2019/12/13,SPF,3189.25,3189.25,52,1.66%,2,3189.25,5,202009
2019/12/16,SPF,-,-,-,-,0,3188.25,5,202009
2019/12/17,SPF,-,-,-,-,0,3204.75,5,202009
2019/12/18,SPF,-,-,-,-,0,3199.5,5,202009
2019/12/19,SPF,-,-,-,-,0,3202.25,5,202009
2019/12/20,SPF,-,-,-,-,0,3213.5,5,202009
2019/12/23,SPF,-,-,-,-,0,3231.5,5,202009
2019/12/24,SPF,-,-,-,-,0,3231.75,5,202009
2019/12/25,SPF,-,-,-,-,0,3229.25,5,202009
2019/12/26,SPF,-,-,-,-,0,3233.5,5,202009
2019/12/27,SPF,-,-,-,-,0,3251.75,5,202009
2019/12/30,SPF,-,-,-,-,0,3246,5,202009
2019/12/31,SPF,-,-,-,-,0,3230.5,5,202009
2020/1/2,SPF,-,-,-,-,0,3243.5,5,202009
2020/1/3,SPF,-,-,-,-,0,3238.25,5,202009
2020/1/6,SPF,-,-,-,-,0,3230.25,5,202009
2020/1/7,SPF,3246.5,3246.5,16.25,0.50%,1,3246.5,6,202009
2020/1/8,SPF,-,-,-,-,0,3220.25,6,202009
2020/1/9,SPF,-,-,-,-,0,3262.25,6,202009
2020/1/10,SPF,-,-,-,-,0,3280.75,6,202009
2020/1/13,SPF,-,-,-,-,0,3270.5,6,202009
2020/1/14,SPF,-,-,-,-,0,3285.75,6,202009
2020/1/15,SPF,-,-,-,-,0,3277.25,6,202009
2020/1/16,SPF,-,-,-,-,0,3296,6,202009
2020/1/17,SPF,-,-,-,-,0,3315.25,6,202009
2020/1/20,SPF,-,-,-,-,0,3323.25,6,202009
2020/1/30,SPF,3238.5,3238.5,-84.75,-2.55%,1,3238.5,7,202009
2020/1/31,SPF,-,-,-,-,0,3280.5,7,202009
2020/2/3,SPF,3205.75,3205.75,-74.75,-2.28%,1,3246,8,202009
2020/2/4,SPF,-,-,-,-,0,3266,8,202009
2020/2/5,SPF,-,-,-,-,0,3290,8,202009
2020/2/6,SPF,-,-,-,-,0,3353,8,202009
2020/2/7,SPF,3318.25,3318.25,-34.75,-1.04%,1,3338.75,9,202009
2020/2/10,SPF,-,-,-,-,0,3327.25,9,202009
2020/2/11,SPF,-,-,-,-,0,3362.25,9,202009
2020/2/12,SPF,-,-,-,-,0,3363,9,202009
2020/2/13,SPF,3346.75,3346.75,-16.25,-0.48%,1,3368.75,10,202009
2020/2/14,SPF,-,-,-,-,0,3384,11,202009
2020/2/17,SPF,-,-,-,-,0,3390,11,202009
2020/2/18,SPF,-,-,-,-,0,3371.75,11,202009
2020/2/19,SPF,-,-,-,-,0,3380.25,11,202009
2020/2/20,SPF,-,-,-,-,0,3383,11,202009
2020/2/21,SPF,3354.25,3354.25,-28.75,-0.85%,1,3354.25,12,202009
2020/2/24,SPF,-,-,-,-,0,3292.5,12,202009
2020/2/25,SPF,3268,3258.75,-33.75,-1.03%,4,3258.75,6,202009
2020/2/26,SPF,-,-,-,-,0,3154.5,6,202009
2020/2/27,SPF,-,-,-,-,0,3074.25,6,202009
2020/3/2,SPF,2935.75,2935.75,-138.5,-4.51%,1,2935.75,7,202009
2020/3/3,SPF,-,-,-,-,0,3028.5,7,202009
2020/3/4,SPF,-,-,-,-,0,2999.75,7,202009
2020/3/5,SPF,-,-,-,-,0,3066.5,7,202009
2020/3/6,SPF,2984.25,2984.25,-82.25,-2.68%,1,2964.25,7,202009
2020/3/9,SPF,2806,2793,-171.25,-5.78%,14,2793,9,202009
2020/3/10,SPF,-,-,-,-,0,2833.25,10,202009
2020/3/11,SPF,2799,2780,-53.25,-1.88%,13,2767,11,202009
2020/3/12,SPF,2722.25,2650.5,-116.5,-4.21%,3,2628,11,202009
2020/3/13,SPF,2419,2399.5,-228.5,-8.69%,4,2512.5,10,202009
2020/3/16,SPF,2506.25,2506.25,-6.25,-0.25%,2,2502.25,11,202009
2020/3/17,SPF,-,-,-,-,0,2477.25,10,202009
2020/3/18,SPF,-,-,-,-,0,2380.25,10,202009
2020/3/19,SPF,-,-,-,-,0,2283.25,8,202009
2020/3/20,SPF,-,-,-,-,0,2392.25,8,202009
2020/3/23,SPF,-,-,-,-,0,2185.5,7,202009
2020/3/24,SPF,-,-,-,-,0,2291.25,6,202009
2020/3/25,SPF,-,-,-,-,0,2425.5,6,202009
2020/3/26,SPF,-,-,-,-,0,2452.5,11,202009
2020/3/27,SPF,2565,2557.5,105,4.28%,2,2557.5,15,202009
2020/3/30,SPF,2481,2514,-43.5,-1.70%,19,2514,30,202009
2020/3/31,SPF,2610,2595,81,3.22%,6,2595,32,202009
2020/4/1,SPF,2543.25,2507.5,-87.5,-3.37%,56,2507.5,60,202009
2020/4/6,SPF,2552.25,2579,71.5,2.85%,196,2579,71,202009
2020/4/7,SPF,2635.75,2651.75,72.75,2.82%,175,2651.75,66,202009
2020/4/8,SPF,2620,2659.5,7.75,0.29%,263,2659.5,75,202009
2020/4/9,SPF,2741.25,2736.5,77,2.90%,49,2736.5,84,202009
2020/4/10,SPF,-,-,-,-,0,2764.75,87,202009
2020/4/13,SPF,2727,2733.5,-31.25,-1.13%,29,2733.5,97,202009
2020/4/14,SPF,2792.75,2795.25,61.75,2.26%,67,2795.25,109,202009
2020/4/15,SPF,2818.5,2823,27.75,0.99%,68,2823,95,202009
2020/4/16,SPF,2751.5,2751.5,-71.5,-2.53%,176,2775.25,110,202009
2020/4/17,SPF,2859.75,2870.75,95.5,3.44%,60,2870.75,115,202009
2020/4/20,SPF,2866.25,2851.75,-19,-0.66%,185,2851.75,143,202009
2020/4/21,SPF,2814,2789.75,-62,-2.17%,113,2789.75,141,202009
2020/4/22,SPF,2725.5,2735.5,-54.25,-1.94%,140,2735.5,128,202009
2020/4/23,SPF,2776,2784.75,49.25,1.80%,157,2784.75,124,202009
2020/4/24,SPF,2757,2757.75,-27,-0.97%,304,2757.75,146,202009
2020/4/27,SPF,2817.5,2854.25,96.5,3.50%,500,2854.25,169,202009
2020/4/28,SPF,2860.25,2848.75,-5.5,-0.19%,67,2848.75,192,202009
2020/4/29,SPF,2880,2887.5,38.75,1.36%,22,2887.5,197,202009
2020/4/30,SPF,2930,2939.75,52.25,1.81%,25,2939.75,200,202009
2020/5/4,SPF,2773.75,2791,-148.75,-5.06%,61,2786.5,166,202009
2020/5/5,SPF,2838.75,2835.75,49.25,1.77%,16,2835.75,181,202009
2020/5/6,SPF,2839.5,2855.75,20,0.71%,161,2855.75,174,202009
2020/5/7,SPF,2833.75,2845.75,-10,-0.35%,117,2845.75,153,202009
2020/5/8,SPF,2896,2908,62.25,2.19%,56,2908,172,202009
2020/5/11,SPF,2931.5,2926.75,18.75,0.64%,344,2926.75,168,202009
2020/5/12,SPF,2895.5,2899.75,-27,-0.92%,497,2899.75,139,202009
2020/5/13,SPF,2830.25,2848.5,-51.25,-1.77%,159,2848.5,113,202009
2020/5/14,SPF,2805,2800,-48.5,-1.70%,388,2800,107,202009
2020/5/15,SPF,2830.75,2842,42,1.50%,391,2842,135,202009
2020/5/18,SPF,2861,2871.25,29.25,1.03%,167,2871.25,99,202009
2020/5/19,SPF,2933.5,2928,56.75,1.98%,68,2928,92,202009
2020/5/20,SPF,2921.5,2928.25,0.25,0.01%,120,2928.25,87,202009
2020/5/21,SPF,2950.5,2945.5,17.25,0.59%,114,2945.5,93,202009
2020/5/22,SPF,2939.75,2905.75,-39.75,-1.35%,274,2823,89,202009
2020/5/25,SPF,2950,2957,134,4.75%,137,2957,112,202009
2020/5/26,SPF,2979.25,2997.25,40.25,1.36%,136,2997.25,116,202009
2020/5/27,SPF,2985.75,3004.25,7,0.23%,223,3004.25,115,202009
2020/5/28,SPF,3038.5,3034,29.75,0.99%,250,3034,117,202009
2020/5/29,SPF,3014.5,3022.5,-11.5,-0.38%,285,3022.5,135,202009
2020/6/1,SPF,3021.75,3032.25,9.75,0.32%,321,3032.25,110,202009
2020/6/2,SPF,3032.25,3036.25,4,0.13%,109,3036.25,114,202009
2020/6/3,SPF,3077.25,3078.75,42.5,1.40%,98,3078.75,136,202009
2020/6/4,SPF,3107.25,3099.75,21,0.68%,36,3099.75,121,202009
2020/6/5,SPF,3102.25,3113.75,14,0.45%,113,3113.75,124,202009
2020/6/8,SPF,3197,3180.75,67,2.15%,216,3180.75,143,202009
2020/6/9,SPF,3212.25,3212,31.25,0.98%,70,3212,148,202009
2020/6/10,SPF,3209.25,3214.5,2.5,0.08%,111,3214.5,161,202009
2020/6/11,SPF,3162.75,3132,-82.5,-2.57%,452,3132,148,202009
2020/6/12,SPF,3013,3034.25,-97.75,-3.12%,629,3034.25,150,202009
2020/6/15,SPF,2983,2952,-82.25,-2.71%,340,2952,164,202009
2020/6/16,SPF,3082,3110.25,158.25,5.36%,243,3110.25,199,202009
2020/6/17,SPF,3112.75,3110,-0.25,-0.01%,259,3110,195,202009
2020/6/18,SPF,3083.5,3088.25,-21.75,-0.70%,372,3088.25,247,202009
2020/6/19,SPF,3101.25,3102,13.75,0.45%,213,3102,199,202009
2020/6/22,SPF,3054,3073.5,-28.5,-0.92%,528,3073.5,227,202009
2020/6/22,SPF,-,-,-,-,0,3053.75,0,202109
2020/6/23,SPF,3121,3110,36.5,1.19%,1040,3110,211,202009
2020/6/23,SPF,-,-,-,-,0,3090.25,0,202109
2020/6/24,SPF,3122.75,3122.5,12.5,0.40%,487,3122.5,203,202009
2020/6/24,SPF,-,-,-,-,0,3102.75,0,202109
2020/6/29,SPF,2999.75,3009,-113.5,-3.63%,531,3009,188,202009
2020/6/29,SPF,-,-,-,-,0,2989.25,0,202109
2020/6/30,SPF,3051.75,3044.5,35.5,1.18%,283,3044.5,197,202009
2020/6/30,SPF,-,-,-,-,0,3024.75,0,202109
2020/7/1,SPF,3085.25,3077.25,32.75,1.08%,401,3077.25,242,202009
2020/7/1,SPF,-,-,-,-,0,3057.5,0,202109
2020/7/2,SPF,3098.75,3103,25.75,0.84%,155,3103,281,202009
2020/7/2,SPF,-,-,-,-,0,3083.25,0,202109
2020/7/3,SPF,3125.5,3121.25,18.25,0.59%,187,3121.25,286,202009
2020/7/3,SPF,-,-,-,-,0,3101.5,0,202109
2020/7/6,SPF,3138.5,3163.5,42.25,1.35%,264,3163.5,263,202009
2020/7/6,SPF,-,-,-,-,0,3143.75,0,202109
2020/7/7,SPF,3181.75,3163,-0.5,-0.02%,284,3163,281,202009
2020/7/7,SPF,-,-,-,-,0,3143.25,0,202109
2020/7/8,SPF,3142,3139,-24,-0.76%,374,3139,299,202009
2020/7/8,SPF,-,-,-,-,0,3119.25,0,202109
2020/7/9,SPF,3166.5,3159.25,20.25,0.65%,138,3159.25,296,202009
2020/7/9,SPF,-,-,-,-,0,3139.5,0,202109
2020/7/10,SPF,3143.75,3114.5,-44.75,-1.42%,290,3114.5,324,202009
2020/7/10,SPF,-,-,-,-,0,3094.75,0,202109
2020/7/13,SPF,3189,3195.75,81.25,2.61%,160,3195.75,256,202009
2020/7/13,SPF,-,-,-,-,0,3176,0,202109
2020/7/14,SPF,3152.75,3153.25,-42.5,-1.33%,420,3153.25,280,202009
2020/7/14,SPF,-,-,-,-,0,3133.5,0,202109
2020/7/15,SPF,3209.75,3209.25,56,1.78%,243,3209.25,283,202009
2020/7/15,SPF,-,-,-,-,0,3189.5,0,202109
2020/7/16,SPF,3212,3198,-11.25,-0.35%,294,3198,264,202009
2020/7/16,SPF,-,-,-,-,0,3178.25,0,202109
2020/7/17,SPF,3205.5,3202,4,0.13%,257,3202,317,202009
2020/7/17,SPF,-,-,-,-,0,3182.25,0,202109
2020/7/20,SPF,3217,3202.5,0.5,0.02%,220,3202.5,368,202009
2020/7/20,SPF,-,-,-,-,0,3182.75,0,202109
2020/7/21,SPF,3248,3257.25,54.75,1.71%,209,3257.25,383,202009
2020/7/21,SPF,-,-,-,-,0,3237.5,0,202109
2020/7/22,SPF,3253.5,3251,-6.25,-0.19%,85,3251,334,202009
2020/7/22,SPF,-,-,-,-,0,3231.25,0,202109
2020/7/23,SPF,3262.75,3267.5,16.5,0.51%,59,3267.5,292,202009
2020/7/23,SPF,-,-,-,-,0,3247.75,0,202109
2020/7/24,SPF,3233.75,3214,-53.5,-1.64%,268,3214,381,202009
2020/7/24,SPF,-,-,-,-,0,3194.25,0,202109
2020/7/27,SPF,3213,3217,3,0.09%,254,3217,372,202009
2020/7/27,SPF,-,-,-,-,0,3197.25,0,202109
2020/7/28,SPF,3245.75,3234,17,0.53%,59,3191.5,385,202009
2020/7/28,SPF,-,-,-,-,0,3171.75,0,202109
2020/7/29,SPF,3218,3206.75,15.25,0.48%,27,3206.75,416,202009
2020/7/29,SPF,-,-,-,-,0,3187,0,202109
2020/7/30,SPF,3249,3247,40.25,1.26%,14,3247,435,202009
2020/7/30,SPF,-,-,-,-,0,3227.25,0,202109
2020/7/31,SPF,3259,3250,3,0.09%,117,3250,404,202009
2020/7/31,SPF,-,-,-,-,0,3230.25,0,202109
2020/8/3,SPF,3102,3265.5,15.5,0.48%,125,3265.5,387,202009
2020/8/3,SPF,-,-,-,-,0,3245.75,0,202109
2020/8/4,SPF,3289.5,3289,23.5,0.72%,23,3289,389,202009
2020/8/4,SPF,-,-,-,-,0,3269.25,0,202109
2020/8/5,SPF,3298.5,3303,14,0.43%,125,3303,339,202009
2020/8/5,SPF,-,-,-,-,0,3283.25,0,202109
2020/8/6,SPF,3327,3320,17,0.51%,79,3320,292,202009
2020/8/6,SPF,-,-,-,-,0,3300.25,0,202109
2020/8/7,SPF,3343.5,3327.5,7.5,0.23%,98,3327.5,253,202009
2020/8/7,SPF,-,-,-,-,0,3307.75,0,202109
2020/8/10,SPF,3343.25,3353,25.5,0.77%,27,3353,283,202009
2020/8/10,SPF,-,-,-,-,0,3333.25,0,202109
2020/8/11,SPF,3354,3361.5,8.5,0.25%,35,3361.5,271,202009
2020/8/11,SPF,-,-,-,-,0,3341.75,0,202109
2020/8/12,SPF,3332.5,3333,-28.5,-0.85%,73,3333,254,202009
2020/8/12,SPF,-,-,-,-,0,3313.25,0,202109
2020/8/13,SPF,3372,3368.5,35.5,1.07%,37,3368.5,235,202009
2020/8/13,SPF,-,-,-,-,0,3348.75,0,202109
2020/8/14,SPF,3373,3373.5,5,0.15%,9,3373.5,218,202009
2020/8/14,SPF,-,-,-,-,0,3353.75,0,202109
2020/8/17,SPF,3369,3370,-3.5,-0.10%,33,3370,223,202009
2020/8/17,SPF,-,-,-,-,0,3350.25,0,202109
2020/8/18,SPF,3382.5,3380.75,10.75,0.32%,18,3380.75,241,202009
2020/8/18,SPF,-,-,-,-,0,3361,0,202109
2020/8/19,SPF,3386,3390.25,9.5,0.28%,37,3390.25,246,202009
2020/8/19,SPF,-,-,-,-,0,3370.5,0,202109
2020/8/20,SPF,3362,3353,-37.25,-1.10%,76,3353,249,202009
2020/8/20,SPF,-,-,-,-,0,3333.25,0,202109
2020/8/21,SPF,3390.75,3390,37,1.10%,21,3390,263,202009
2020/8/21,SPF,-,-,-,-,0,3370.25,0,202109
2020/8/24,SPF,3396,3401.75,11.75,0.35%,59,3401.75,290,202009
2020/8/24,SPF,-,-,-,-,0,3382,0,202109
2020/8/25,SPF,3436.5,3443.25,41.5,1.22%,56,3443.25,294,202009
2020/8/25,SPF,-,-,-,-,0,3423.5,0,202109
2020/8/26,SPF,3444,3443,-0.25,-0.01%,26,3443,271,202009
2020/8/26,SPF,-,-,-,-,0,3423.25,0,202109
2020/8/27,SPF,3477,3474,31,0.90%,80,3474,232,202009
2020/8/27,SPF,-,-,-,-,0,3454.25,0,202109
2020/8/28,SPF,3488.75,3504,30,0.86%,81,3504,259,202009
2020/8/28,SPF,-,-,-,-,0,3484.25,0,202109
2020/8/31,SPF,3523,3517.5,13.5,0.39%,50,3517.5,263,202009
2020/8/31,SPF,-,-,-,-,0,3497.75,0,202109
2020/9/1,SPF,3496.5,3502.75,-14.75,-0.42%,22,3502.75,267,202009
2020/9/1,SPF,-,-,-,-,0,3483,0,202109
2020/9/2,SPF,3540.75,3540.25,37.5,1.07%,89,3540.25,264,202009
2020/9/2,SPF,-,-,-,-,0,3520.5,0,202109
2020/9/3,SPF,3577,3572,31.75,0.90%,31,3572,275,202009
2020/9/3,SPF,-,-,-,-,0,3552.25,0,202109
2020/9/4,SPF,3444.75,3448,-124,-3.47%,65,3448,251,202009
2020/9/4,SPF,-,-,-,-,0,3428.25,0,202109
2020/9/7,SPF,3419,3403.5,-44.5,-1.29%,128,3403.5,200,202009
2020/9/7,SPF,-,-,-,-,0,3383.75,0,202109
2020/9/8,SPF,3434.5,3430.25,26.75,0.79%,137,3430.25,230,202009
2020/9/8,SPF,-,-,-,-,0,3410.5,0,202109
2020/9/9,SPF,3335.25,3350.75,-79.5,-2.32%,96,3350.75,281,202009
2020/9/9,SPF,-,-,-,-,0,3331,0,202109
2020/9/10,SPF,3399,3402.5,51.75,1.54%,37,3402.5,250,202009
2020/9/10,SPF,-,-,-,-,0,3382.75,0,202109
2020/9/11,SPF,3354.25,3366,-36.5,-1.07%,59,3366,268,202009
2020/9/11,SPF,-,-,-,-,0,3346.25,0,202109
2020/9/14,SPF,3360,3370.25,4.25,0.13%,34,3370.25,229,202009
2020/9/14,SPF,-,-,-,-,0,3350.5,0,202109
2020/9/15,SPF,3379.5,3392.25,22,0.65%,22,3392.25,164,202009
2020/9/15,SPF,-,-,-,-,0,3372.5,0,202109
2020/9/16,SPF,3402,3408,15.75,0.46%,35,3408,130,202009
2020/9/16,SPF,-,-,-,-,0,3388.25,0,202109
2020/9/17,SPF,3375.75,3351.5,-56.5,-1.66%,71,3351.5,87,202009
2020/9/17,SPF,-,-,-,-,0,3331.75,0,202109
2020/9/18,SPF,3346,3362,10.5,0.31%,6,3362,76,202009
2020/9/18,SPF,-,-,-,-,0,3342.25,0,202109
2020/9/21,SPF,-,-,-,-,0,3289.25,0,202109
2020/9/22,SPF,-,-,-,-,0,3261,0,202109
2020/9/23,SPF,-,-,-,-,0,3302,0,202109
2020/9/24,SPF,-,-,-,-,0,3214.75,0,202109
2020/9/25,SPF,-,-,-,-,0,3250.75,0,202109
2020/9/28,SPF,-,-,-,-,0,3300,0,202109
2020/9/29,SPF,-,-,-,-,0,3353.75,0,202109
2020/9/30,SPF,-,-,-,-,0,3298.75,0,202109
2020/10/5,SPF,-,-,-,-,0,3355.75,0,202109
2020/10/6,SPF,-,-,-,-,0,3388.25,0,202109
2020/10/7,SPF,-,-,-,-,0,3352.25,0,202109
2020/10/8,SPF,-,-,-,-,0,3411,0,202109
2020/10/12,SPF,-,-,-,-,0,3477.75,0,202109
2020/10/13,SPF,-,-,-,-,0,3519.75,0,202109
2020/10/14,SPF,-,-,-,-,0,3506.75,0,202109
2020/10/15,SPF,-,-,-,-,0,3466.25,0,202109
2020/10/16,SPF,-,-,-,-,0,3471.75,0,202109
2020/10/19,SPF,-,-,-,-,0,3478.75,0,202109
2020/10/20,SPF,-,-,-,-,0,3428.75,0,202109
2020/10/21,SPF,-,-,-,-,0,3441.75,0,202109
2020/10/22,SPF,-,-,-,-,0,3411.5,0,202109
2020/10/23,SPF,-,-,-,-,0,3442.25,0,202109
2020/10/26,SPF,-,-,-,-,0,3425.75,0,202109
2020/10/27,SPF,-,-,-,-,0,3393,0,202109
2020/10/28,SPF,-,-,-,-,0,3359,0,202109
2020/10/29,SPF,-,-,-,-,0,3291.75,0,202109
2020/10/30,SPF,-,-,-,-,0,3241.25,0,202109
2020/11/2,SPF,-,-,-,-,0,3265.75,0,202109
2020/11/3,SPF,-,-,-,-,0,3305.25,0,202109
2020/11/4,SPF,-,-,-,-,0,3384.25,0,202109
2020/11/5,SPF,-,-,-,-,0,3454.25,0,202109
2020/11/6,SPF,-,-,-,-,0,3474.5,0,202109
2020/11/9,SPF,-,-,-,-,0,3557.75,0,202109
2020/11/10,SPF,-,-,-,-,0,3518.25,0,202109
2020/11/11,SPF,-,-,-,-,0,3537.5,0,202109
2020/11/12,SPF,-,-,-,-,0,3544,0,202109
2020/11/13,SPF,-,-,-,-,0,3527,0,202109
2020/11/16,SPF,-,-,-,-,0,3606.25,0,202109
2020/11/17,SPF,-,-,-,-,0,3598.25,0,202109
2020/11/18,SPF,-,-,-,-,0,3592.5,0,202109
2020/11/19,SPF,-,-,-,-,0,3562.75,0,202109
2020/11/20,SPF,-,-,-,-,0,3558.75,0,202109
2020/11/23,SPF,-,-,-,-,0,3559,0,202109
2020/11/24,SPF,-,-,-,-,0,3597.25,0,202109
2020/11/25,SPF,-,-,-,-,0,3631.25,0,202109
2020/11/26,SPF,-,-,-,-,0,3628.25,0,202109
2020/11/27,SPF,-,-,-,-,0,3618.75,0,202109
2020/11/30,SPF,-,-,-,-,0,3608,0,202109
2020/12/1,SPF,-,-,-,-,0,3648.75,0,202109
2020/12/2,SPF,-,-,-,-,0,3644.75,0,202109
2020/12/3,SPF,-,-,-,-,0,3658.25,0,202109
2020/12/4,SPF,-,-,-,-,0,3666.75,0,202109
2020/12/7,SPF,-,-,-,-,0,3683.75,0,202109
2020/12/8,SPF,-,-,-,-,0,3675.75,0,202109
2020/12/9,SPF,-,-,-,-,0,3703.25,0,202109
2020/12/10,SPF,-,-,-,-,0,3667,0,202109
2020/12/11,SPF,-,-,-,-,0,3658,0,202109
2020/12/14,SPF,-,-,-,-,0,3672,0,202109
2020/12/15,SPF,-,-,-,-,0,3643.75,0,202109
2020/12/16,SPF,-,-,-,-,0,3685.75,0,202109
2020/12/17,SPF,-,-,-,-,0,3703.5,0,202109
2020/12/18,SPF,-,-,-,-,0,3707.5,0,202109
2020/12/21,SPF,-,-,-,-,0,3692.25,0,202109
2020/12/22,SPF,-,-,-,-,0,3654.25,0,202109
2020/12/23,SPF,-,-,-,-,0,3658.75,0,202109
2020/12/24,SPF,-,-,-,-,0,3675.25,0,202109
2020/12/25,SPF,-,-,-,-,0,3682,0,202109
2020/12/28,SPF,-,-,-,-,0,3705,0,202109
2020/12/29,SPF,-,-,-,-,0,3731,0,202109
2020/12/30,SPF,-,-,-,-,0,3723.5,0,202109
2020/12/31,SPF,-,-,-,-,0,3711.75,0,202109
2021/1/4,SPF,-,-,-,-,0,3733.75,0,202109
2021/1/5,SPF,-,-,-,-,0,3678.75,0,202109
2021/1/6,SPF,-,-,-,-,0,3690.25,0,202109
2021/1/7,SPF,-,-,-,-,0,3747.25,0,202109
2021/1/8,SPF,-,-,-,-,0,3801.75,0,202109
2021/1/11,SPF,-,-,-,-,0,3783.5,0,202109
2021/1/12,SPF,-,-,-,-,0,3782.75,0,202109
2021/1/13,SPF,-,-,-,-,0,3786,0,202109
2021/1/14,SPF,-,-,-,-,0,3798,0,202109
2021/1/15,SPF,-,-,-,-,0,3759.25,0,202109
2021/1/18,SPF,-,-,-,-,0,3745,0,202109
2021/1/19,SPF,-,-,-,-,0,3777,0,202109
2021/1/20,SPF,-,-,-,-,0,3780.75,0,202109
2021/1/21,SPF,-,-,-,-,0,3844.75,0,202109
2021/1/22,SPF,-,-,-,-,0,3825.25,0,202109
2021/1/25,SPF,-,-,-,-,0,3838.25,0,202109
2021/1/26,SPF,-,-,-,-,0,3814.5,0,202109
2021/1/27,SPF,-,-,-,-,0,3823.25,0,202109
2021/1/28,SPF,-,-,-,-,0,3722.5,0,202109
2021/1/29,SPF,-,-,-,-,0,3714.75,0,202109
2021/2/1,SPF,-,-,-,-,0,3712,0,202109
2021/2/2,SPF,-,-,-,-,0,3771.25,0,202109
2021/2/3,SPF,-,-,-,-,0,3823.5,0,202109
2021/2/4,SPF,-,-,-,-,0,3802,0,202109
2021/2/5,SPF,-,-,-,-,0,3864.25,0,202109
2021/2/17,SPF,-,-,-,-,0,3917.75,0,202109
2021/2/18,SPF,-,-,-,-,0,3911.75,0,202109
2021/2/19,SPF,-,-,-,-,0,3890.25,0,202109
2021/2/22,SPF,-,-,-,-,0,3881.5,0,202109
2021/2/23,SPF,-,-,-,-,0,3881.5,0,202109
2021/2/24,SPF,-,-,-,-,0,3850,0,202109
2021/2/25,SPF,-,-,-,-,0,3919.25,0,202109
2021/2/26,SPF,-,-,-,-,0,3795.25,0,202109
2021/3/2,SPF,-,-,-,-,0,3866.75,0,202109
2021/3/3,SPF,-,-,-,-,0,3869.75,0,202109
2021/3/4,SPF,-,-,-,-,0,3788,0,202109
2021/3/5,SPF,-,-,-,-,0,3749,0,202109
2021/3/8,SPF,-,-,-,-,0,3815,0,202109
2021/3/9,SPF,-,-,-,-,0,3837.5,0,202109
2021/3/10,SPF,-,-,-,-,0,3853.25,0,202109
2021/3/11,SPF,-,-,-,-,0,3903.25,0,202109
2021/3/12,SPF,-,-,-,-,0,3929.75,0,202109
2021/3/15,SPF,-,-,-,-,0,3929.25,0,202109
2021/3/16,SPF,-,-,-,-,0,3957,0,202109
2021/3/17,SPF,-,-,-,-,0,3946.5,0,202109
2021/3/18,SPF,-,-,-,-,0,3965.5,0,202109
2021/3/19,SPF,-,-,-,-,0,3913.5,0,202109
2021/3/22,SPF,3888,3880,-33.5,-0.86%,5,3908.5,5,202109
2021/3/23,SPF,3916.5,3916.5,8,0.20%,2,3916.5,5,202109
2021/3/24,SPF,-,-,-,-,0,3895.25,5,202109
2021/3/25,SPF,3877,3876.25,-19,-0.49%,4,3876.25,5,202109
2021/3/26,SPF,-,-,-,-,0,3903.75,5,202109
2021/3/29,SPF,-,-,-,-,0,3917.75,7,202109
2021/3/30,SPF,-,-,-,-,0,3947.5,7,202109
2021/3/31,SPF,-,-,-,-,0,3931.5,7,202109
2021/4/1,SPF,3959,3958.25,26.75,0.68%,2,3958.25,8,202109
2021/4/6,SPF,-,-,-,-,0,4051.25,17,202109
2021/4/7,SPF,-,-,-,-,0,4056.5,28,202109
2021/4/8,SPF,4069.75,4079,22.5,0.55%,4,4079,28,202109
2021/4/9,SPF,-,-,-,-,0,4063.5,28,202109
2021/4/12,SPF,4103.5,4103.5,40,0.98%,1,4103.5,28,202109
2021/4/13,SPF,-,-,-,-,0,4111,28,202109
2021/4/14,SPF,4125.5,4125.5,14.5,0.35%,1,4125.5,28,202109
2021/4/15,SPF,-,-,-,-,0,4115.25,28,202109
2021/4/16,SPF,-,-,-,-,0,4149.75,28,202109
2021/4/19,SPF,-,-,-,-,0,4159.5,28,202109
2021/4/20,SPF,4153,4153,-6.5,-0.16%,1,4153,28,202109
2021/4/21,SPF,-,-,-,-,0,4106.25,29,202109
2021/4/22,SPF,4146,4150.75,44.5,1.08%,16,4150.75,28,202109
2021/4/23,SPF,-,-,-,-,0,4125.5,28,202109
2021/4/26,SPF,-,-,-,-,0,4164.75,29,202109
2021/4/27,SPF,4171,4173,8.25,0.20%,3,4173,24,202109
2021/4/28,SPF,4174.25,4173.75,0.75,0.02%,21,4173.75,45,202109
2021/4/29,SPF,-,-,-,-,0,4187.5,48,202109
2021/5/3,SPF,-,-,-,-,0,4172.75,59,202109
2021/5/4,SPF,-,-,-,-,0,4165,70,202109
2021/5/5,SPF,4162.5,4154.75,-10.25,-0.25%,4,4154.75,72,202109
2021/5/6,SPF,4158,4147.25,-7.5,-0.18%,6,4147.25,73,202109
2021/5/7,SPF,-,-,-,-,0,4188.75,84,202109
2021/5/10,SPF,4227,4222.75,34,0.81%,2,4222.75,84,202109
2021/5/11,SPF,4151.75,4148.25,-74.5,-1.76%,16,4148.25,84,202109
2021/5/12,SPF,4103.5,4103.5,-44.75,-1.08%,5,4113.25,90,202109
2021/5/13,SPF,4063.25,4060,-53.25,-1.29%,3,4060,93,202109
2021/5/14,SPF,4110.75,4115.5,55.5,1.37%,3,4115.5,90,202109
2021/5/17,SPF,4148.25,4148.25,32.75,0.80%,4,4148.25,90,202109
2021/5/18,SPF,-,-,-,-,0,4154.5,90,202109
2021/5/19,SPF,4100.25,4094,-60.5,-1.46%,5,4094,106,202109
2021/5/20,SPF,4095.25,4095.25,1.25,0.03%,1,4095.25,108,202109
2021/5/21,SPF,4154.25,4151.25,56,1.37%,2,4151.25,99,202109
2021/5/24,SPF,4155,4153,1.75,0.04%,3,4153,99,202109
2021/5/25,SPF,4194,4192,39,0.94%,4,4192,98,202109
2021/5/26,SPF,4189,4187,-5,-0.12%,2,4187,99,202109
2021/5/27,SPF,-,-,-,-,0,4176.75,97,202109
2021/5/28,SPF,4206.25,4205,28.25,0.68%,3,4205,99,202109
2021/5/31,SPF,-,-,-,-,0,4197.25,100,202109
2021/6/1,SPF,-,-,-,-,0,4197.5,100,202109
2021/6/2,SPF,4191.75,4189.75,-7.75,-0.18%,2,4189.75,112,202109
2021/6/3,SPF,-,-,-,-,0,4199,122,202109
2021/6/4,SPF,-,-,-,-,0,4180.75,123,202109
2021/6/7,SPF,4212.5,4210.75,30,0.72%,6,4210.75,127,202109
2021/6/8,SPF,4221.25,4219.25,8.5,0.20%,10,4219.25,124,202109
2021/6/9,SPF,4217.75,4216.5,-2.75,-0.07%,3,4216.5,125,202109
2021/6/10,SPF,4216.25,4212.75,-3.75,-0.09%,14,4212.75,135,202109
2021/6/11,SPF,4231,4230.5,17.75,0.42%,13,4230.5,143,202109
2021/6/15,SPF,4251,4253,22.5,0.53%,40,4253,179,202109
2021/6/16,SPF,4237.25,4236.25,-16.75,-0.39%,8,4236.25,180,202109
2021/6/17,SPF,4189.5,4197.75,-38.5,-0.91%,34,4197.75,198,202109
2021/6/18,SPF,4217,4219,21.25,0.51%,10,4219,217,202109
2021/6/21,SPF,4145,4134.75,-84.25,-2.00%,40,4134.75,230,202109
2021/6/21,SPF,-,-,-,-,0,4089.25,0,202209
2021/6/22,SPF,4218,4221,86.25,2.09%,10,4221,235,202109
2021/6/22,SPF,-,-,-,-,0,4175.5,0,202209
2021/6/23,SPF,4239.75,4242.25,21.25,0.50%,16,4242.25,235,202109
2021/6/23,SPF,-,-,-,-,0,4196.75,0,202209
2021/6/24,SPF,4239.75,4239.5,-2.75,-0.06%,34,4239.5,238,202109
2021/6/24,SPF,-,-,-,-,0,4194,0,202209
2021/6/25,SPF,4258.75,4260.25,20.75,0.49%,13,4260.25,260,202109
2021/6/25,SPF,-,-,-,-,0,4214.75,0,202209
2021/6/28,SPF,4274.5,4274,13.75,0.32%,3,4274,261,202109
2021/6/28,SPF,-,-,-,-,0,4228.5,0,202209
2021/6/29,SPF,-,-,-,-,0,4275.25,258,202109
2021/6/29,SPF,-,-,-,-,0,4229.75,0,202209
2021/6/30,SPF,4287.25,4287.5,12.25,0.29%,7,4287.5,262,202109
2021/6/30,SPF,-,-,-,-,0,4242,0,202209
2021/7/1,SPF,4295.75,4295.75,8.25,0.19%,11,4295.75,257,202109
2021/7/1,SPF,-,-,-,-,0,4250.25,0,202209
2021/7/2,SPF,4313,4312.75,17,0.40%,5,4312.75,256,202109
2021/7/2,SPF,-,-,-,-,0,4267.25,0,202209
2021/7/5,SPF,4336.5,4337.5,24.75,0.57%,27,4337.5,253,202109
2021/7/5,SPF,-,-,-,-,0,4292,0,202209
2021/7/6,SPF,4345.75,4342,4.5,0.10%,7,4342,248,202109
2021/7/6,SPF,-,-,-,-,0,4296.5,0,202209
2021/7/7,SPF,4330,4331,-11,-0.25%,5,4331,250,202109
2021/7/7,SPF,-,-,-,-,0,4285.5,0,202209
2021/7/8,SPF,4348.25,4341,10,0.23%,11,4341,255,202109
2021/7/8,SPF,-,-,-,-,0,4295.5,0,202209
2021/7/9,SPF,4308,4308.75,-32.25,-0.74%,33,4308.75,236,202109
2021/7/9,SPF,-,-,-,-,0,4263.25,0,202209
2021/7/12,SPF,4358,4350.25,41.5,0.96%,31,4350.25,237,202109
2021/7/12,SPF,-,-,-,-,0,4304.75,0,202209
2021/7/13,SPF,4378,4376.5,26.25,0.60%,3,4376.5,231,202109
2021/7/13,SPF,-,-,-,-,0,4331,0,202209
2021/7/14,SPF,4359.5,4356.5,-20,-0.46%,9,4356.5,240,202109
2021/7/14,SPF,-,-,-,-,0,4311,0,202209
2021/7/15,SPF,4362.5,4363.5,7,0.16%,26,4363.5,218,202109
2021/7/15,SPF,-,-,-,-,0,4318,0,202209
2021/7/16,SPF,4342.5,4343.75,-19.75,-0.45%,2,4343.75,221,202109
2021/7/16,SPF,-,-,-,-,0,4298.25,0,202209
2021/7/19,SPF,4297,4305.25,-38.5,-0.89%,15,4305.25,216,202109
2021/7/19,SPF,-,-,-,-,0,4259.75,0,202209
2021/7/20,SPF,4269,4262.75,-42.5,-0.99%,33,4262.75,196,202109
2021/7/20,SPF,-,-,-,-,0,4217.25,0,202209
2021/7/21,SPF,4325.25,4316.5,53.75,1.26%,22,4316.5,204,202109
2021/7/21,SPF,-,-,-,-,0,4271,0,202209
2021/7/22,SPF,4352.5,4355,38.5,0.89%,8,4355,207,202109
2021/7/22,SPF,-,-,-,-,0,4309.5,0,202209
2021/7/23,SPF,4370.75,4368.75,13.75,0.32%,36,4368.75,211,202109
2021/7/23,SPF,-,-,-,-,0,4323.25,0,202209
2021/7/26,SPF,4406,4388,19.25,0.44%,12,4388,235,202109
2021/7/26,SPF,-,-,-,-,0,4342.5,0,202209
2021/7/27,SPF,4408,4406,18,0.41%,8,4406,268,202109
2021/7/27,SPF,-,-,-,-,0,4360.5,0,202209
2021/7/28,SPF,4396.5,4390,-16,-0.36%,31,4390,260,202109
2021/7/28,SPF,-,-,-,-,0,4344.5,0,202209
2021/7/29,SPF,4390,4385.75,-4.25,-0.10%,7,4385.75,267,202109
2021/7/29,SPF,-,-,-,-,0,4340.25,0,202209
2021/7/30,SPF,4385,4372.5,-13.25,-0.30%,37,4372.5,288,202109
2021/7/30,SPF,-,-,-,-,0,4327,0,202209
2021/8/2,SPF,4411,4413.25,40.75,0.93%,15,4413.25,285,202109
2021/8/2,SPF,-,-,-,-,0,4367.75,0,202209
2021/8/3,SPF,4388.25,4390.5,-22.75,-0.52%,15,4390.5,364,202109
2021/8/3,SPF,-,-,-,-,0,4345,0,202209
2021/8/4,SPF,4407.75,4412.25,21.75,0.50%,31,4412.25,340,202109
2021/8/4,SPF,-,-,-,-,0,4366.75,0,202209
2021/8/5,SPF,-,-,-,-,0,4402.25,351,202109
2021/8/5,SPF,-,-,-,-,0,4356.75,0,202209
2021/8/6,SPF,4416.5,4419.5,17.25,0.39%,13,4419.5,392,202109
2021/8/6,SPF,-,-,-,-,0,4374,0,202209
2021/8/9,SPF,4415,4418.75,-0.75,-0.02%,13,4418.75,403,202109
2021/8/9,SPF,-,-,-,-,0,4373.25,0,202209
2021/8/10,SPF,4427.5,4422.25,3.5,0.08%,26,4422.25,406,202109
2021/8/10,SPF,-,-,-,-,0,4376.75,0,202209
2021/8/11,SPF,4426,4426,3.75,0.08%,21,4426,418,202109
2021/8/11,SPF,-,-,-,-,0,4380.5,0,202209
2021/8/12,SPF,4439.5,4439.75,13.75,0.31%,26,4439.75,416,202109
2021/8/12,SPF,-,-,-,-,0,4394.25,0,202209
2021/8/13,SPF,4452,4453,13.25,0.30%,30,4453,447,202109
2021/8/13,SPF,-,-,-,-,0,4407.5,0,202209
2021/8/16,SPF,4451.25,4453.25,0.25,0.01%,19,4453.25,462,202109
2021/8/16,SPF,-,-,-,-,0,4407.75,0,202209
2021/8/17,SPF,4466.5,4462.75,9.5,0.21%,16,4462.75,466,202109
2021/8/17,SPF,-,-,-,-,0,4417.25,0,202209
2021/8/18,SPF,4438,4448.25,-14.5,-0.32%,17,4448.25,468,202109
2021/8/18,SPF,-,-,-,-,0,4402.75,0,202209
2021/8/19,SPF,4396.75,4387.25,-61,-1.37%,29,4387.25,460,202109
2021/8/19,SPF,-,-,-,-,0,4341.75,0,202209
2021/8/20,SPF,4403.75,4390.5,3.25,0.07%,41,4390.5,465,202109
2021/8/20,SPF,-,-,-,-,0,4345,0,202209
2021/8/23,SPF,4442,4454.5,64,1.46%,22,4454.5,489,202109
2021/8/23,SPF,-,-,-,-,0,4409,0,202209
2021/8/24,SPF,4484,4485,30.5,0.68%,11,4485,487,202109
2021/8/24,SPF,-,-,-,-,0,4439.5,0,202209
2021/8/25,SPF,4482.25,4481.5,-3.5,-0.08%,5,4481.5,488,202109
2021/8/25,SPF,-,-,-,-,0,4436,0,202209
2021/8/26,SPF,4487,4487.25,5.75,0.13%,7,4487.25,492,202109
2021/8/26,SPF,-,-,-,-,0,4441.75,0,202209
2021/8/27,SPF,4465.25,4477.5,-9.75,-0.22%,10,4477.5,495,202109
2021/8/27,SPF,-,-,-,-,0,4432,0,202209
2021/8/30,SPF,4504,4509.5,32,0.71%,13,4509.5,490,202109
2021/8/30,SPF,-,-,-,-,0,4464,0,202209
2021/8/31,SPF,4526.25,4538.75,29.25,0.65%,12,4538.75,492,202109
2021/8/31,SPF,-,-,-,-,0,4493.25,0,202209
2021/9/1,SPF,4531.25,4532.25,-6.5,-0.14%,4,4532.25,490,202109
2021/9/1,SPF,-,-,-,-,0,4486.75,0,202209
2021/9/2,SPF,4520,4519.5,-12.75,-0.28%,11,4519.5,505,202109
2021/9/2,SPF,-,-,-,-,0,4474,0,202209
2021/9/3,SPF,4538,4544.25,24.75,0.55%,8,4544.25,503,202109
2021/9/3,SPF,-,-,-,-,0,4498.75,0,202209
2021/9/6,SPF,4525.5,4534.75,-9.5,-0.21%,48,4534.75,493,202109
2021/9/6,SPF,-,-,-,-,0,4489.25,0,202209
2021/9/7,SPF,4538,4539.5,4.75,0.10%,7,4539.5,486,202109
2021/9/7,SPF,-,-,-,-,0,4494,0,202209
2021/9/8,SPF,4520.5,4521.5,-18,-0.40%,11,4521.5,470,202109
2021/9/8,SPF,-,-,-,-,0,4476,0,202209
2021/9/9,SPF,4505.25,4491.75,-29.75,-0.66%,15,4491.75,484,202109
2021/9/9,SPF,-,-,-,-,0,4446.25,0,202209
2021/9/10,SPF,4492,4505.25,13.5,0.30%,21,4505.25,482,202109
2021/9/10,SPF,-,-,-,-,0,4459.75,0,202209
2021/9/13,SPF,4474.25,4460.25,-45,-1.00%,8,4460.25,474,202109
2021/9/13,SPF,-,-,-,-,0,4414.75,0,202209
2021/9/14,SPF,4479.5,4476.75,16.5,0.37%,24,4476.75,453,202109
2021/9/14,SPF,-,-,-,-,0,4431.25,0,202209
2021/9/15,SPF,4450.5,4449,-27.75,-0.62%,19,4449,445,202109
2021/9/15,SPF,-,-,-,-,0,4403.5,0,202209
2021/9/16,SPF,4482.75,4477.25,28.25,0.63%,32,4477.25,444,202109
2021/9/16,SPF,-,-,-,-,0,4431.75,0,202209
2021/9/17,SPF,4460,4475,-2.25,-0.05%,12,4475,437,202109
2021/9/17,SPF,-,-,-,-,0,4429.5,0,202209
2021/9/22,SPF,-,-,-,-,0,0,0,202109
2021/9/22,SPF,-,-,-,-,0,4319.5,0,202209
2021/9/23,SPF,-,-,-,-,0,4358.5,0,202209
2021/9/24,SPF,-,-,-,-,0,4395,0,202209
2021/9/27,SPF,-,-,-,-,0,4422.75,0,202209
2021/9/28,SPF,-,-,-,-,0,4395.75,0,202209
2021/9/29,SPF,-,-,-,-,0,4326.75,0,202209
2021/9/30,SPF,-,-,-,-,0,4341.75,0,202209
2021/10/1,SPF,-,-,-,-,0,4236.25,0,202209
2021/10/4,SPF,-,-,-,-,0,4297.25,0,202209
2021/10/5,SPF,-,-,-,-,0,4255.75,0,202209
2021/10/6,SPF,-,-,-,-,0,4275.25,0,202209
2021/10/7,SPF,-,-,-,-,0,4332.25,0,202209
2021/10/8,SPF,-,-,-,-,0,4350.25,0,202209
2021/10/12,SPF,-,-,-,-,0,4296.25,0,202209
2021/10/13,SPF,-,-,-,-,0,4297.25,0,202209
2021/10/14,SPF,-,-,-,-,0,4330.75,0,202209
2021/10/15,SPF,-,-,-,-,0,4406.75,0,202209
2021/10/18,SPF,-,-,-,-,0,4418.75,0,202209
2021/10/19,SPF,-,-,-,-,0,4430.75,0,202209
2021/10/20,SPF,-,-,-,-,0,4467.25,0,202209
2021/10/21,SPF,-,-,-,-,0,4476.25,0,202209
2021/10/22,SPF,-,-,-,-,0,4497.5,0,202209
2021/10/25,SPF,-,-,-,-,0,4499.75,0,202209
2021/10/26,SPF,-,-,-,-,0,4530.25,0,202209
2021/10/27,SPF,-,-,-,-,0,4530.75,0,202209
2021/10/28,SPF,-,-,-,-,0,4512.75,0,202209
2021/10/29,SPF,-,-,-,-,0,4530.25,0,202209
2021/11/1,SPF,-,-,-,-,0,4569.25,0,202209
2021/11/2,SPF,-,-,-,-,0,4561.5,0,202209
2021/11/3,SPF,-,-,-,-,0,4579.5,0,202209
2021/11/4,SPF,-,-,-,-,0,4612.5,0,202209
2021/11/5,SPF,-,-,-,-,0,4634.25,0,202209
2021/11/8,SPF,-,-,-,-,0,4641.75,0,202209
2021/11/9,SPF,-,-,-,-,0,4644.5,0,202209
2021/11/10,SPF,-,-,-,-,0,4624.5,0,202209
2021/11/11,SPF,-,-,-,-,0,4607.5,0,202209
2021/11/12,SPF,-,-,-,-,0,4610.5,0,202209
2021/11/15,SPF,-,-,-,-,0,4644,0,202209
2021/11/16,SPF,-,-,-,-,0,4654.75,0,202209
2021/11/17,SPF,-,-,-,-,0,4655.5,0,202209
2021/11/18,SPF,-,-,-,-,0,4655,0,202209
2021/11/19,SPF,-,-,-,-,0,4680.5,0,202209
2021/11/22,SPF,-,-,-,-,0,4666.25,0,202209
2021/11/23,SPF,-,-,-,-,0,4635.75,0,202209
2021/11/24,SPF,-,-,-,-,0,4646.25,0,202209
2021/11/25,SPF,-,-,-,-,0,4675,0,202209
2021/11/26,SPF,-,-,-,-,0,4613,0,202209
2021/11/29,SPF,-,-,-,-,0,4586,0,202209
2021/11/30,SPF,-,-,-,-,0,4585,0,202209
2021/12/1,SPF,-,-,-,-,0,4566.5,0,202209
2021/12/2,SPF,-,-,-,-,0,4497,0,202209
2021/12/3,SPF,-,-,-,-,0,4536.75,0,202209
2021/12/6,SPF,-,-,-,-,0,4520.75,0,202209
2021/12/7,SPF,-,-,-,-,0,4573.25,0,202209
2021/12/8,SPF,-,-,-,-,0,4659,0,202209
2021/12/9,SPF,-,-,-,-,0,4654.5,0,202209
2021/12/10,SPF,-,-,-,-,0,4630.75,0,202209
2021/12/13,SPF,-,-,-,-,0,4685.25,0,202209
2021/12/14,SPF,-,-,-,-,0,4637.75,0,202209
2021/12/15,SPF,-,-,-,-,0,4601.25,0,202209
2021/12/16,SPF,-,-,-,-,0,4681.25,0,202209
2021/12/17,SPF,-,-,-,-,0,4619.25,0,202209
2021/12/20,SPF,-,-,-,-,0,4554,0,202209
2021/12/21,SPF,-,-,-,-,0,4585,0,202209
2021/12/22,SPF,-,-,-,-,0,4627,0,202209
2021/12/23,SPF,-,-,-,-,0,4682,0,202209
2021/12/24,SPF,-,-,-,-,0,4708.75,0,202209
2021/12/27,SPF,-,-,-,-,0,4714,0,202209
2021/12/28,SPF,-,-,-,-,0,4770,0,202209
2021/12/29,SPF,-,-,-,-,0,4774.25,0,202209
2021/12/30,SPF,-,-,-,-,0,4773.25,0,202209
2022/1/3,SPF,-,-,-,-,0,4770.5,0,202209
2022/1/4,SPF,-,-,-,-,0,4789.5,0,202209
2022/1/5,SPF,-,-,-,-,0,4759.75,0,202209
2022/1/6,SPF,-,-,-,-,0,4665,0,202209
2022/1/7,SPF,-,-,-,-,0,4687,0,202209
2022/1/10,SPF,-,-,-,-,0,4663.25,0,202209
2022/1/11,SPF,-,-,-,-,0,4651.5,0,202209
2022/1/12,SPF,-,-,-,-,0,4702.5,0,202209
2022/1/13,SPF,-,-,-,-,0,4697.75,0,202209
2022/1/14,SPF,-,-,-,-,0,4645.5,0,202209
2022/1/17,SPF,-,-,-,-,0,4637.5,0,202209
2022/1/18,SPF,-,-,-,-,0,4623,0,202209
2022/1/19,SPF,-,-,-,-,0,4534,0,202209
2022/1/20,SPF,-,-,-,-,0,4533.75,0,202209
2022/1/21,SPF,-,-,-,-,0,4441.5,0,202209
2022/1/24,SPF,-,-,-,-,0,4415.75,0,202209
2022/1/25,SPF,-,-,-,-,0,4348.25,0,202209
2022/1/26,SPF,-,-,-,-,0,4350,0,202209
2022/2/7,SPF,-,-,-,-,0,4483.5,0,202209
2022/2/8,SPF,-,-,-,-,0,4471.75,0,202209
2022/2/9,SPF,-,-,-,-,0,4525.75,0,202209
2022/2/10,SPF,-,-,-,-,0,4560.5,0,202209
2022/2/11,SPF,-,-,-,-,0,4448.5,0,202209
2022/2/14,SPF,-,-,-,-,0,4412.25,0,202209
2022/2/15,SPF,-,-,-,-,0,4382,0,202209
2022/2/16,SPF,-,-,-,-,0,4447.75,0,202209
2022/2/17,SPF,-,-,-,-,0,4444.5,0,202209
2022/2/18,SPF,-,-,-,-,0,4397.25,0,202209
2022/2/21,SPF,-,-,-,-,0,4360.25,0,202209
2022/2/22,SPF,-,-,-,-,0,4273.75,0,202209
2022/2/23,SPF,-,-,-,-,0,4314.75,0,202209
2022/2/24,SPF,-,-,-,-,0,4120.25,0,202209
2022/2/25,SPF,-,-,-,-,0,4249,0,202209
2022/3/1,SPF,-,-,-,-,0,4359,0,202209
2022/3/2,SPF,-,-,-,-,0,4312.5,0,202209
2022/3/3,SPF,-,-,-,-,0,4380.5,0,202209
2022/3/4,SPF,-,-,-,-,0,4323,0,202209
2022/3/7,SPF,-,-,-,-,0,4261.5,0,202209
2022/3/8,SPF,-,-,-,-,0,4184,0,202209
2022/3/9,SPF,-,-,-,-,0,4183.5,0,202209
2022/3/10,SPF,-,-,-,-,0,4258.5,0,202209
2022/3/11,SPF,-,-,-,-,0,4232,0,202209
2022/3/14,SPF,-,-,-,-,0,4221.25,0,202209
2022/3/15,SPF,-,-,-,-,0,4175.25,0,202209
2022/3/16,SPF,-,-,-,-,0,4254,0,202209
2022/3/17,SPF,-,-,-,-,0,4350.25,0,202209
2022/3/18,SPF,4370,4370,19.75,0.45%,2,4377,2,202209
2022/3/21,SPF,4445,4442.25,65.25,1.49%,14,4442.25,20,202209
2022/3/22,SPF,4446.25,4446.25,4,0.09%,11,4446.25,30,202209
2022/3/23,SPF,4512,4512,65.75,1.48%,8,4512,40,202209
2022/3/24,SPF,4463.25,4463.25,-48.75,-1.08%,11,4463.25,51,202209
2022/3/25,SPF,4518,4524,60.75,1.36%,12,4524,61,202209
2022/3/28,SPF,4524.25,4524.25,0.25,0.01%,1,4524.25,72,202209
2022/3/29,SPF,4571.25,4571.25,47,1.04%,1,4575.5,75,202209
2022/3/30,SPF,4622.25,4621,45.5,0.99%,10,4621,95,202209
2022/3/31,SPF,-,-,-,-,0,4614.25,90,202209
2022/4/1,SPF,4546.5,4546.5,-67.75,-1.47%,1,4546.5,89,202209
2022/4/6,SPF,4522.5,4522.5,-24,-0.53%,1,4522.5,87,202209
2022/4/7,SPF,-,-,-,-,0,4461.5,87,202209
2022/4/8,SPF,-,-,-,-,0,4494.5,94,202209
2022/4/11,SPF,-,-,-,-,0,4455.25,94,202209
2022/4/12,SPF,-,-,-,-,0,4391.75,94,202209
2022/4/13,SPF,-,-,-,-,0,4416.75,95,202209
2022/4/14,SPF,4445,4455,38.25,0.87%,4,4455,99,202209
2022/4/15,SPF,-,-,-,-,0,4393,94,202209
2022/4/18,SPF,4367,4367,-26,-0.59%,1,4367,93,202209
2022/4/19,SPF,4400,4402.75,35.75,0.82%,11,4407.25,79,202209
2022/4/20,SPF,4441.5,4448.25,41,0.93%,3,4448.25,79,202209
2022/4/21,SPF,4474,4474,25.75,0.58%,1,4474,80,202209
2022/4/22,SPF,4373.75,4386.75,-87.25,-1.95%,25,4386.75,59,202209
2022/4/25,SPF,-,-,-,-,0,4243.25,59,202209
2022/4/26,SPF,-,-,-,-,0,4299.75,58,202209
2022/4/27,SPF,4186.25,4186.25,-113.5,-2.64%,1,4186.25,60,202209
2022/4/28,SPF,4217,4217,30.75,0.73%,1,4217,60,202209
2022/4/29,SPF,4272,4271,54,1.28%,14,4271,74,202209
2022/5/3,SPF,4163,4171.5,-99.5,-2.33%,12,4171.5,80,202209
2022/5/4,SPF,4177.5,4179.25,7.75,0.19%,14,4179.25,76,202209
2022/5/5,SPF,4299.25,4295.25,116,2.78%,20,4295.25,67,202209
2022/5/6,SPF,4141.25,4135.25,-160,-3.73%,21,4135.25,46,202209
2022/5/9,SPF,4082.25,4082.25,-53,-1.28%,11,4082.25,58,202209
2022/5/10,SPF,3989,4015.25,-67,-1.64%,54,4015.25,66,202209
2022/5/11,SPF,-,-,-,-,0,4013.5,66,202209
2022/5/12,SPF,3950,3950,-63.5,-1.58%,2,3918,64,202209
2022/5/13,SPF,-,-,-,-,0,3969.25,65,202209
2022/5/16,SPF,-,-,-,-,0,3998,65,202209
2022/5/17,SPF,4022,4023.75,25.75,0.64%,21,4023.75,86,202209
2022/5/18,SPF,4074.25,4077.25,53.5,1.33%,3,4077.25,89,202209
2022/5/19,SPF,3900,3931.25,-146,-3.58%,14,3931.25,103,202209
2022/5/20,SPF,3921,3923.75,-7.5,-0.19%,2,3934.75,105,202209
2022/5/23,SPF,3939,3930,-4.75,-0.12%,3,3930,107,202209
2022/5/24,SPF,-,-,-,-,0,3926.5,107,202209
2022/5/25,SPF,3958,3968,41.5,1.06%,2,3968,109,202209
2022/5/26,SPF,-,-,-,-,0,3970.5,110,202209
2022/5/27,SPF,4045.5,4053.5,83,2.09%,9,4053.5,116,202209
2022/5/30,SPF,4173.75,4174.25,120.75,2.98%,2,4174.25,119,202209
2022/5/31,SPF,4161,4169,-5.25,-0.13%,4,4169,119,202209
2022/6/1,SPF,4141.75,4141.75,-27.25,-0.65%,1,4141.75,118,202209
2022/6/2,SPF,4110.25,4098,-43.75,-1.06%,3,4098,122,202209
2022/6/6,SPF,4133.25,4133.25,35.25,0.86%,1,4133.25,127,202209
2022/6/7,SPF,4109.75,4099.25,-34,-0.82%,28,4099.25,117,202209
2022/6/8,SPF,4157,4144,44.75,1.09%,8,4144,123,202209
2022/6/9,SPF,4113,4113,-31,-0.75%,2,4113,130,202209
2022/6/10,SPF,4018.25,4022.25,-90.75,-2.21%,23,4022.25,140,202209
2022/6/13,SPF,3850,3846.5,-175.75,-4.37%,43,3846.5,166,202209
2022/6/14,SPF,3774,3794,-52.5,-1.36%,26,3794,232,202209
2022/6/15,SPF,3755,3742,-52,-1.37%,35,3742,241,202209
2022/6/16,SPF,3825,3796.75,54.75,1.46%,60,3726.5,245,202209
2022/6/17,SPF,3688.75,3707.75,-18.75,-0.50%,34,3707.75,263,202209
2022/6/20,SPF,3685.75,3680,-27.75,-0.75%,33,3680,261,202209
2022/6/20,SPF,-,-,-,-,0,3731.25,0,202309
2022/6/21,SPF,3716,3731.5,51.5,1.40%,43,3731.5,270,202209
2022/6/21,SPF,-,-,-,-,0,3782.75,0,202309
2022/6/22,SPF,3755,3731.5,0,0.00%,42,3731.5,280,202209
2022/6/22,SPF,-,-,-,-,0,3782.75,0,202309
2022/6/23,SPF,3751,3759,27.5,0.74%,15,3759,283,202209
2022/6/23,SPF,-,-,-,-,0,3810.25,0,202309
2022/6/24,SPF,3790.75,3828,69,1.84%,14,3828,289,202209
2022/6/24,SPF,-,-,-,-,0,3879.25,0,202309
2022/6/27,SPF,3900,3918.75,90.75,2.37%,8,3918.75,286,202209
2022/6/27,SPF,-,-,-,-,0,3970,0,202309
2022/6/28,SPF,3915.25,3901,-17.75,-0.45%,78,3901,282,202209
2022/6/28,SPF,-,-,-,-,0,3952.25,0,202309
2022/6/29,SPF,3823,3828.75,-72.25,-1.85%,14,3828.75,266,202209
2022/6/29,SPF,-,-,-,-,0,3880,0,202309
2022/6/30,SPF,3818.25,3792,-36.75,-0.96%,17,3792,271,202209
2022/6/30,SPF,-,-,-,-,0,3843.25,0,202309
2022/7/1,SPF,3777,3750,-42,-1.11%,50,3750,271,202209
2022/7/1,SPF,-,-,-,-,0,3801.25,0,202309
2022/7/4,SPF,3806.5,3800.75,50.75,1.35%,30,3800.75,248,202209
2022/7/4,SPF,-,-,-,-,0,3858,0,202309
2022/7/5,SPF,3849.75,3843.5,42.75,1.12%,35,3843.5,258,202209
2022/7/5,SPF,-,-,-,-,0,3900.75,0,202309
2022/7/6,SPF,3841.5,3824,-19.5,-0.51%,78,3824,262,202209
2022/7/6,SPF,-,-,-,-,0,3881.25,0,202309
2022/7/7,SPF,3838,3861.5,37.5,0.98%,4,3861.5,274,202209
2022/7/7,SPF,-,-,-,-,0,3918.75,0,202309
2022/7/8,SPF,3901.25,3891.5,30,0.78%,32,3891.5,247,202209
2022/7/8,SPF,-,-,-,-,0,3948.75,0,202309
2022/7/11,SPF,3894.5,3878,-13.5,-0.35%,17,3878,247,202209
2022/7/11,SPF,-,-,-,-,0,3964.25,0,202309
2022/7/12,SPF,3852.25,3833.5,-44.5,-1.15%,19,3833.5,240,202209
2022/7/12,SPF,-,-,-,-,0,3919.75,0,202309
2022/7/13,SPF,3829.75,3830.5,-3,-0.08%,61,3830.5,217,202209
2022/7/13,SPF,-,-,-,-,0,3916.75,0,202309
2022/7/14,SPF,3786.75,3802,-28.5,-0.74%,18,3843.25,295,202209
2022/7/14,SPF,-,-,-,-,0,3929.5,0,202309
2022/7/15,SPF,3800.5,3793.5,-49.75,-1.29%,11,3793.5,249,202209
2022/7/15,SPF,-,-,-,-,0,3879.75,0,202309
2022/7/18,SPF,3875,3885.5,92,2.43%,36,3885.5,297,202209
2022/7/18,SPF,-,-,-,-,0,3971.75,0,202309
2022/7/19,SPF,3840,3842.25,-43.25,-1.11%,34,3842.25,322,202209
2022/7/19,SPF,-,-,-,-,0,3928.5,0,202309
2022/7/20,SPF,3950,3953.5,111.25,2.90%,50,3953.5,302,202209
2022/7/20,SPF,-,-,-,-,0,4039.75,0,202309
2022/7/21,SPF,3954,3966,12.5,0.32%,29,3966,279,202209
2022/7/21,SPF,-,-,-,-,0,4052.25,0,202309
2022/7/22,SPF,3985.75,3982,16,0.40%,42,3982,280,202209
2022/7/22,SPF,-,-,-,-,0,4068.25,0,202309
2022/7/25,SPF,3953,3961,-21,-0.53%,20,3961,301,202209
2022/7/25,SPF,-,-,-,-,0,4047.25,0,202309
2022/7/26,SPF,3950,3960.5,-0.5,-0.01%,6,3960.5,269,202209
2022/7/26,SPF,-,-,-,-,0,4046.75,0,202309
2022/7/27,SPF,3951.5,3960,-0.5,-0.01%,23,3960,262,202209
2022/7/27,SPF,-,-,-,-,0,4046.25,0,202309
2022/7/28,SPF,4016,4015,55,1.39%,7,4015,253,202209
2022/7/28,SPF,-,-,-,-,0,4101.25,0,202309
2022/7/29,SPF,4092,4097.25,82.25,2.05%,33,4097.25,253,202209
2022/7/29,SPF,-,-,-,-,0,4183.5,0,202309
2022/8/1,SPF,4119,4115.25,18,0.44%,23,4115.25,242,202209
2022/8/1,SPF,-,-,-,-,0,4201.5,0,202309
2022/8/2,SPF,4108.25,4104,-11.25,-0.27%,18,4104,246,202209
2022/8/2,SPF,-,-,-,-,0,4190.25,0,202309
2022/8/3,SPF,4086.5,4101,-3,-0.07%,11,4101,237,202209
2022/8/3,SPF,-,-,-,-,0,4187.25,0,202309
2022/8/4,SPF,4155.75,4153.5,52.5,1.28%,18,4153.5,227,202209
2022/8/4,SPF,-,-,-,-,0,4239.75,0,202309
2022/8/5,SPF,4157,4163,9.5,0.23%,18,4163,232,202209
2022/8/5,SPF,-,-,-,-,0,4249.25,0,202309
2022/8/8,SPF,4136.5,4143.25,-19.75,-0.47%,16,4143.25,247,202209
2022/8/8,SPF,-,-,-,-,0,4229.5,0,202309
2022/8/9,SPF,4150.25,4151,7.75,0.19%,23,4151,251,202209
2022/8/9,SPF,-,-,-,-,0,4237.25,0,202309
2022/8/10,SPF,4120.25,4122.25,-28.75,-0.69%,4,4122.25,254,202209
2022/8/10,SPF,-,-,-,-,0,4208.5,0,202309
2022/8/11,SPF,4218,4220,97.75,2.37%,6,4220,246,202209
2022/8/11,SPF,-,-,-,-,0,4306.25,0,202309
2022/8/12,SPF,4209,4217,-3,-0.07%,21,4217,244,202209
2022/8/12,SPF,-,-,-,-,0,4303.25,0,202309
2022/8/15,SPF,4271.25,4273.75,56.75,1.35%,24,4273.75,259,202209
2022/8/15,SPF,-,-,-,-,0,4360,0,202309
2022/8/16,SPF,4292.5,4297.75,24,0.56%,4,4297.75,256,202209
2022/8/16,SPF,-,-,-,-,0,4384,0,202309
2022/8/17,SPF,4306.25,4312.5,14.75,0.34%,29,4312.5,257,202209
2022/8/17,SPF,-,-,-,-,0,4398.75,0,202309
2022/8/18,SPF,4268.25,4273.5,-39,-0.90%,13,4273.5,258,202209
2022/8/18,SPF,-,-,-,-,0,4359.75,0,202309
2022/8/19,SPF,4270,4284,10.5,0.25%,9,4284,250,202209
2022/8/19,SPF,-,-,-,-,0,4370.25,0,202309
2022/8/22,SPF,4210.75,4213.75,-70.25,-1.64%,5,4213.75,241,202209
2022/8/22,SPF,-,-,-,-,0,4300,0,202309
2022/8/23,SPF,4143.75,4133.75,-80,-1.90%,70,4133.75,264,202209
2022/8/23,SPF,-,-,-,-,0,4220,0,202309
2022/8/24,SPF,4128.5,4123.75,-10,-0.24%,36,4123.75,263,202209
2022/8/24,SPF,-,-,-,-,0,4210,0,202309
2022/8/25,SPF,4151.75,4158.5,34.75,0.84%,11,4158.5,256,202209
2022/8/25,SPF,-,-,-,-,0,4244.75,0,202309
2022/8/26,SPF,4198,4194.5,36,0.87%,3,4194.5,255,202209
2022/8/26,SPF,-,-,-,-,0,4280.75,0,202309
2022/8/29,SPF,4015,4028,-166.5,-3.97%,33,4028,263,202209
2022/8/29,SPF,-,-,-,-,0,4114.25,0,202309
2022/8/30,SPF,4031.75,4043.75,15.75,0.39%,76,4043.75,242,202209
2022/8/30,SPF,-,-,-,-,0,4130,0,202309
2022/8/31,SPF,3999.5,4018,-25.75,-0.64%,25,4018,239,202209
2022/8/31,SPF,-,-,-,-,0,4104.25,0,202309
2022/9/1,SPF,3925.75,3938.75,-79.25,-1.97%,35,3938.75,240,202209
2022/9/1,SPF,-,-,-,-,0,4025,0,202309
2022/9/2,SPF,3961.5,3962.25,23.5,0.60%,14,3962.25,255,202209
2022/9/2,SPF,-,-,-,-,0,4048.5,0,202309
2022/9/5,SPF,3927.5,3928,-34.25,-0.86%,25,3928,242,202209
2022/9/5,SPF,-,-,-,-,0,4014.25,0,202309
2022/9/6,SPF,3944.25,3944,16,0.41%,4,3944,240,202209
2022/9/6,SPF,-,-,-,-,0,4030.25,0,202309
2022/9/7,SPF,3885.5,3890.25,-53.75,-1.36%,15,3900,246,202209
2022/9/7,SPF,-,-,-,-,0,3986.25,0,202309
2022/9/8,SPF,3981.75,3983.75,83.75,2.15%,15,3983.75,251,202209
2022/9/8,SPF,-,-,-,-,0,4070,0,202309
2022/9/12,SPF,4063,4064.75,81,2.03%,21,4064.75,245,202209
2022/9/12,SPF,-,-,-,-,0,4151,0,202309
2022/9/13,SPF,4116.5,4115,50.25,1.24%,19,4115,235,202209
2022/9/13,SPF,-,-,-,-,0,4201.25,0,202309
2022/9/14,SPF,3930,3942.25,-172.75,-4.20%,15,3942.25,194,202209
2022/9/14,SPF,-,-,-,-,0,4028.5,0,202309
2022/9/15,SPF,3953,3944.5,2.25,0.06%,17,3944.5,177,202209
2022/9/15,SPF,-,-,-,-,0,4030.75,0,202309
2022/9/16,SPF,3871,3876,-68.5,-1.74%,14,3876,166,202209
2022/9/16,SPF,-,-,-,-,0,3962.25,0,202309
2022/9/19,SPF,-,-,-,-,0,0,0,202209
2022/9/19,SPF,-,-,-,-,0,3950.5,0,202309
2022/9/20,SPF,-,-,-,-,0,3998.75,0,202309
2022/9/21,SPF,-,-,-,-,0,3951.25,0,202309
2022/9/22,SPF,-,-,-,-,0,3859.5,0,202309
2022/9/23,SPF,-,-,-,-,0,3838.25,0,202309
2022/9/26,SPF,-,-,-,-,0,3750,0,202309
2022/9/27,SPF,-,-,-,-,0,3765.75,0,202309
2022/9/28,SPF,-,-,-,-,0,3708.75,0,202309
2022/9/29,SPF,-,-,-,-,0,3796.75,0,202309
2022/9/30,SPF,-,-,-,-,0,3725.25,0,202309
2022/10/3,SPF,3625,3625,-100.25,-2.69%,3,3662.5,3,202309
2022/10/4,SPF,-,-,-,-,0,3795.75,0,202309
2022/10/5,SPF,-,-,-,-,0,3850.25,0,202309
2022/10/6,SPF,-,-,-,-,0,3885.25,0,202309
2022/10/7,SPF,-,-,-,-,0,3818.75,0,202309
2022/10/11,SPF,-,-,-,-,0,3677.5,0,202309
2022/10/12,SPF,-,-,-,-,0,3690.5,0,202309
2022/10/13,SPF,-,-,-,-,0,3661.25,0,202309
2022/10/14,SPF,-,-,-,-,0,3769.75,0,202309
2022/10/17,SPF,-,-,-,-,0,3689.5,0,202309
2022/10/18,SPF,-,-,-,-,0,3824.25,0,202309
2022/10/19,SPF,-,-,-,-,0,3829.25,0,202309
2022/10/20,SPF,-,-,-,-,0,3764.75,0,202309
2022/10/21,SPF,-,-,-,-,0,3732.75,0,202309
2022/10/24,SPF,-,-,-,-,0,3838.25,0,202309
2022/10/25,SPF,-,-,-,-,0,3878.25,0,202309
2022/10/26,SPF,-,-,-,-,0,3902.5,0,202309
2022/10/27,SPF,-,-,-,-,0,3939.25,0,202309
2022/10/28,SPF,-,-,-,-,0,3862.25,0,202309
2022/10/31,SPF,-,-,-,-,0,3972,0,202309
2022/11/1,SPF,-,-,-,-,0,3967,0,202309
2022/11/2,SPF,-,-,-,-,0,3949.75,0,202309
2022/11/3,SPF,-,-,-,-,0,3851,0,202309
2022/11/4,SPF,-,-,-,-,0,3805.75,0,202309
2022/11/7,SPF,-,-,-,-,0,3842.5,0,202309
2022/11/8,SPF,-,-,-,-,0,3880,0,202309
2022/11/9,SPF,-,-,-,-,0,3908.25,0,202309
2022/11/10,SPF,-,-,-,-,0,3838.25,0,202309
2022/11/11,SPF,-,-,-,-,0,4044.25,0,202309
2022/11/14,SPF,-,-,-,-,0,4058.5,0,202309
2022/11/15,SPF,-,-,-,-,0,4052.25,0,202309
2022/11/16,SPF,-,-,-,-,0,4070.25,0,202309
2022/11/17,SPF,-,-,-,-,0,4042.25,0,202309
2022/11/18,SPF,-,-,-,-,0,4025,0,202309
2022/11/21,SPF,-,-,-,-,0,4033.75,0,202309
2022/11/22,SPF,-,-,-,-,0,4033.25,0,202309
2022/11/23,SPF,-,-,-,-,0,4077.25,0,202309
2022/11/24,SPF,-,-,-,-,0,4110.5,0,202309
2022/11/25,SPF,-,-,-,-,0,4110.75,0,202309
2022/11/28,SPF,-,-,-,-,0,4070.75,0,202309
2022/11/29,SPF,-,-,-,-,0,4044.25,0,202309
2022/11/30,SPF,-,-,-,-,0,4042.75,0,202309
2022/12/1,SPF,-,-,-,-,0,4159,0,202309
2022/12/2,SPF,-,-,-,-,0,4144.25,0,202309
2022/12/5,SPF,-,-,-,-,0,4140.25,0,202309
2022/12/6,SPF,-,-,-,-,0,4077.5,0,202309
2022/12/7,SPF,-,-,-,-,0,4022,0,202309
2022/12/8,SPF,-,-,-,-,0,4000,0,202309
2022/12/9,SPF,-,-,-,-,0,4042.5,0,202309
2022/12/12,SPF,-,-,-,-,0,3993,0,202309
2022/12/13,SPF,-,-,-,-,0,4056.25,0,202309
2022/12/14,SPF,-,-,-,-,0,4106.5,0,202309
2022/12/15,SPF,-,-,-,-,0,4069.25,0,202309
2022/12/16,SPF,-,-,-,-,0,3965,0,202309
2022/12/19,SPF,-,-,-,-,0,3926,0,202309
2022/12/20,SPF,-,-,-,-,0,3914.5,0,202309
2022/12/21,SPF,-,-,-,-,0,3971.25,0,202309
2022/12/22,SPF,-,-,-,-,0,4025.75,0,202309
2022/12/23,SPF,-,-,-,-,0,3964.5,0,202309
2022/12/26,SPF,-,-,-,-,0,3957,0,202309
2022/12/27,SPF,-,-,-,-,0,4002,0,202309
2022/12/28,SPF,-,-,-,-,0,3925,0,202309
2022/12/29,SPF,-,-,-,-,0,3875.5,0,202309
2022/12/30,SPF,-,-,-,-,0,3934.75,0,202309